date,Tmax,Tmean,Tmin,Pr,Snowdepth,wind
2015-10-01,5.2,3.5,2.2,1.0,0.0,6.1
2015-10-02,4.2,2.9,2.4,3.5,0.0,6.3
2015-10-03,4.5,2.4,-0.6,17.6,0.0,4.1
2015-10-04,3.4,2.5,1.7,0.6,0.0,1.6
2015-10-05,7.4,5.1,2.4,15.9,0.0,8.3
2015-10-06,4.8,2.8,0.9,0.0,0.0,15.3
2015-10-07,4.8,1.8,0.1,2.3,0.0,14.3
2015-10-08,5.2,3.2,1.1,10.7,0.0,10.7
2015-10-09,4.7,2.9,2.3,7.2,0.0,2.2
2015-10-10,5.0,2.4,0.8,0.2,0.0,1.0
2015-10-11,3.0,1.5,0.6,0.0,0.0,3.3
2015-10-12,2.5,1.1,-0.2,0.1,0.0,3.6
2015-10-13,2.9,0.4,-2.1,0.2,0.0,1.1
2015-10-14,3.9,1.3,-2.2,0.0,0.0,3.1
2015-10-15,6.7,2.4,0.0,0.0,0.0,0.8
2015-10-16,8.3,3.8,0.6,0.0,0.0,1.0
2015-10-17,9.8,4.8,2.5,0.1,0.0,0.7
2015-10-18,8.9,4.5,2.2,0.0,0.0,1.6
2015-10-19,7.1,3.9,0.7,0.0,0.0,3.6
2015-10-20,5.8,-0.2,-2.7,0.0,0.0,3.4
2015-10-21,4.7,1.9,-0.3,5.7,3.0,6.9
2015-10-22,5.7,3.4,1.9,17.8,0.0,7.6
2015-10-23,3.1,1.5,0.5,83.0,0.0,5.0
2015-10-24,4.4,2.1,1.1,0.2,0.0,6.1
2015-10-25,3.7,-1.6,-2.3,23.4,26.0,5.7
2015-10-26,1.3,0.3,-1.9,14.3,48.0,4.9
2015-10-27,3.8,2.2,-2.4,3.1,43.0,2.6
2015-10-28,8.3,5.4,2.5,0.0,39.0,3.1
2015-10-29,9.4,5.8,2.8,0.0,38.0,6.8
2015-10-30,6.7,4.8,3.1,0.0,30.0,11.1
2015-10-31,9.3,6.0,3.1,3.4,5.0,7.3
2015-11-01,6.9,3.0,1.8,13.0,0.0,6.1
2015-11-02,7.4,5.2,2.1,0.1,0.0,5.1
2015-11-03,7.5,4.6,2.7,0.0,0.0,5.1
2015-11-04,7.4,4.4,1.1,0.1,0.0,3.1
2015-11-05,8.8,6.0,4.4,0.0,0.0,8.6
2015-11-06,6.4,5.0,3.8,0.1,0.0,11.3
2015-11-07,5.8,2.3,-0.3,23.3,0.0,4.2
2015-11-08,1.9,0.5,-0.9,3.4,3.0,8.1
2015-11-09,1.8,-0.5,-1.8,17.6,5.0,7.6
2015-11-10,1.8,0.1,-1.0,35.8,48.0,6.4
2015-11-11,0.5,0.0,-0.9,15.7,57.0,5.8
2015-11-12,0.7,-0.1,-1.1,31.2,74.0,5.9
2015-11-13,3.0,-1.3,-3.8,22.9,82.0,6.2
2015-11-14,-0.9,-1.9,-4.1,15.8,127.0,7.3
2015-11-15,-0.7,-1.6,-4.3,34.4,163.0,4.9
2015-11-16,1.6,-1.3,-4.2,8.3,161.0,12.9
2015-11-17,-0.9,-1.6,-3.2,19.4,165.0,7.2
2015-11-18,-0.6,-1.1,-1.8,27.8,172.0,5.4
2015-11-19,-0.6,-3.4,-6.6,2.0,169.0,4.1
2015-11-20,-2.0,-6.2,-9.0,0.0,166.0,2.5
2015-11-21,-4.0,-9.6,-12.1,0.0,163.0,2.5
2015-11-22,-6.4,-8.3,-11.5,0.0,161.0,2.1
2015-11-23,-2.0,-4.2,-10.2,0.0,160.0,5.4
2015-11-24,-0.1,-1.8,-2.6,4.7,160.0,5.1
2015-11-25,-2.2,-4.1,-5.0,3.2,163.0,3.9
2015-11-26,0.2,-2.8,-6.9,1.7,167.0,5.7
2015-11-27,4.3,1.8,0.2,39.9,155.0,6.0
2015-11-28,1.1,-4.4,-5.7,36.0,180.0,6.7
2015-11-29,-2.3,-5.1,-6.4,28.6,166.0,5.9
2015-11-30,-3.9,-5.1,-5.9,41.2,212.0,7.1
2015-12-01,-5.0,-5.5,-6.8,20.9,234.0,5.8
2015-12-02,2.4,0.2,-6.1,12.7,208.0,8.1
2015-12-03,0.7,-3.5,-4.5,30.6,196.0,6.5
2015-12-04,0.3,-2.3,-4.0,32.9,193.0,9.1
2015-12-05,2.5,0.1,-3.5,34.2,211.0,9.5
2015-12-06,-1.0,-2.4,-3.8,46.9,228.0,9.0
2015-12-07,-1.1,-3.4,-8.7,35.8,205.0,7.0
2015-12-08,5.6,2.9,-1.6,3.5,198.0,9.1
2015-12-09,2.9,-1.6,-3.8,21.3,212.0,8.0
2015-12-12,-3.9,-5.6,-8.1,71.8,246.0,2.8
2015-12-17,5.7,3.5,1.6,2.7,232.0,5.7
2015-12-18,4.5,1.8,0.9,13.1,216.0,6.8
2015-12-19,6.5,4.1,0.8,35.0,214.0,6.1
2015-12-20,5.0,1.7,-0.2,42.4,204.0,7.2
2015-12-21,0.2,-1.0,-2.1,40.9,223.0,7.3
2015-12-22,1.0,-1.5,-2.9,20.5,240.0,8.2
2015-12-23,-0.5,-2.3,-2.7,25.0,250.0,8.6
2015-12-24,1.4,-0.9,-3.3,14.7,255.0,10.1
2015-12-25,-0.6,-4.1,-4.8,15.9,267.0,8.1
2015-12-26,-4.5,-7.2,-10.9,6.2,268.0,5.9
2015-12-28,5.2,0.2,-8.3,7.3,245.0,9.6
2015-12-29,5.7,-1.5,-3.2,2.0,242.0,17.6
2015-12-30,2.0,0.1,-3.2,5.1,242.0,20.4
2015-12-31,2.0,-1.4,-2.7,6.6,241.0,11.3
2016-01-02,-2.1,-6.7,-11.8,5.5,240.0,18.7
2016-01-15,-5.8,-7.2,-7.8,8.0,244.0,4.2
2016-01-16,-6.4,-11.5,-14.3,4.1,261.0,4.4
2016-01-17,-9.1,-10.8,-13.8,0.6,239.0,1.5
2016-01-18,-7.6,-9.1,-10.7,0.3,240.0,2.9
2016-01-19,-8.0,-11.3,-14.9,1.9,242.0,1.6
2016-01-20,-9.1,-11.0,-13.5,0.0,248.0,1.6
2016-01-21,-8.7,-10.3,-12.8,0.0,248.0,2.6
2016-01-22,-1.6,-4.2,-11.3,0.0,248.0,11.3
2016-01-23,-1.0,-1.6,-4.3,4.8,249.0,5.7
2016-01-24,2.1,0.3,-1.7,5.8,253.0,5.5
2016-01-25,6.4,4.2,1.9,0.6,248.0,7.3
2016-01-26,6.6,-2.1,-4.3,17.2,240.0,8.3
2016-01-27,1.7,-1.8,-4.3,20.9,241.0,5.3
2016-01-28,-2.2,-4.4,-5.9,5.4,256.0,7.3
2016-01-29,0.2,-2.4,-4.6,14.9,296.0,11.5
2016-01-30,-3.5,-6.0,-7.6,28.7,314.0,8.5
2016-01-31,-4.9,-7.1,-8.6,11.0,321.0,7.2
2016-02-01,-1.1,-4.7,-8.1,2.9,350.0,8.3
2016-02-02,-2.3,-3.1,-4.7,19.6,355.0,5.7
2016-02-03,-2.6,-6.6,-7.3,6.2,362.0,4.9
2016-02-04,-6.6,-7.9,-8.5,1.8,356.0,4.3
2016-02-05,-0.3,-3.2,-8.1,0.1,353.0,7.0
2016-02-06,-0.2,-3.0,-5.6,3.3,349.0,8.9
2016-02-07,-0.2,-1.9,-5.2,6.2,345.0,10.9
2016-02-08,-2.4,-3.1,-4.7,4.7,317.0,9.7
2016-02-09,-2.7,-4.1,-4.8,2.9,317.0,5.1
2016-02-10,-3.1,-5.2,-7.9,1.2,327.0,3.6
2016-02-11,-4.9,-7.4,-9.4,0.0,324.0,6.7
2016-02-12,-8.7,-11.8,-14.8,0.5,321.0,2.2
2016-02-13,-9.3,-12.6,-15.4,0.4,321.0,2.0
2016-02-14,-9.2,-12.6,-16.4,0.0,320.0,1.5
2016-02-15,-5.6,-11.1,-13.4,0.0,320.0,1.7
2016-02-16,-4.9,-7.4,-14.5,0.0,319.0,7.6
2016-02-17,-3.5,-5.0,-5.9,1.0,315.0,11.1
2016-02-18,-4.3,-8.0,-11.0,1.4,314.0,7.0
2016-02-19,-4.4,-5.6,-8.0,1.2,315.0,9.4
2016-02-20,-2.8,-5.0,-6.5,7.9,322.0,8.2
2016-02-21,-4.8,-5.8,-6.6,15.8,346.0,6.1
2016-02-22,-4.7,-5.2,-6.6,11.8,360.0,4.3
2016-02-23,-4.7,-5.7,-6.5,5.0,362.0,3.5
2016-02-24,-4.6,-7.5,-9.4,1.0,358.0,2.9
2016-02-25,-5.9,-8.6,-11.7,1.2,359.0,1.6
2016-02-26,-5.1,-7.9,-12.2,0.2,356.0,1.5
2016-02-27,-4.2,-6.3,-8.2,1.1,354.0,1.2
2016-02-28,-4.5,-8.5,-12.5,0.6,352.0,1.7
2016-02-29,-5.0,-7.2,-12.7,0.0,350.0,5.4
2016-03-01,-4.3,-6.8,-8.2,0.2,345.0,17.8
2016-03-02,-5.2,-6.5,-7.3,14.0,339.0,12.6
2016-03-03,-4.4,-5.9,-8.0,3.8,303.0,6.9
2016-03-04,-3.0,-5.1,-6.4,0.4,303.0,5.0
2016-03-05,-3.9,-6.1,-8.6,2.0,304.0,4.5
2016-03-06,-4.9,-6.5,-7.7,0.9,302.0,10.3
2016-03-07,-4.0,-7.1,-8.8,1.7,302.0,3.6
2016-03-08,-5.9,-7.4,-9.4,0.2,301.0,5.2
2016-03-09,-2.3,-3.7,-7.3,0.2,301.0,5.8
2016-03-10,2.4,-5.1,-8.4,0.0,301.0,1.7
2016-03-11,0.2,-5.8,-9.1,0.0,301.0,2.9
2016-03-12,-0.2,-3.4,-9.0,0.0,301.0,3.2
2016-03-13,1.7,1.4,-1.8,2.2,300.0,5.0
2016-03-14,11.4,6.0,1.6,0.0,298.0,1.6
2016-03-15,13.4,9.3,5.0,0.0,296.0,1.7
2016-03-16,12.6,7.5,4.9,0.0,296.0,1.0
2016-03-17,7.9,2.6,0.2,0.0,295.0,2.3
2016-03-18,0.5,-3.0,-4.7,0.0,295.0,1.7
2016-03-19,-1.8,-3.4,-5.6,0.0,295.0,3.8
2016-03-20,-1.4,-3.1,-4.2,0.7,295.0,4.2
2016-03-21,-1.0,-2.9,-4.6,0.6,296.0,3.6
2016-03-22,-1.7,-3.9,-4.7,2.0,300.0,3.7
2016-03-23,1.3,-6.5,-10.8,0.6,299.0,1.1
2016-03-24,-1.9,-3.1,-9.1,0.1,299.0,4.7
2016-03-25,-1.8,-3.1,-4.3,6.6,307.0,5.3
2016-03-26,0.7,-0.7,-4.7,5.9,305.0,11.3
2016-03-28,0.0,-1.2,-2.7,2.6,298.0,12.9
2016-03-30,-0.3,-4.8,-10.0,3.1,300.0,4.6
2016-03-31,-4.7,-7.3,-8.8,1.3,304.0,4.3
2016-04-01,-3.3,-5.4,-11.1,0.2,303.0,5.1
2016-04-02,-0.1,-1.5,-3.6,3.6,297.0,6.5
2016-04-03,2.6,0.5,-2.8,5.2,303.0,7.5
2016-04-04,6.9,1.9,-0.3,1.6,300.0,6.4
2016-04-05,4.3,1.6,1.1,8.4,296.0,7.3
2016-04-06,2.0,-0.6,-1.3,0.5,297.0,3.4
2016-04-07,3.6,-1.1,-3.7,3.4,302.0,1.0
2016-04-08,0.5,-3.1,-4.6,1.4,300.0,1.9
2016-04-09,2.4,-3.9,-9.1,3.4,302.0,2.1
2016-04-10,3.1,-2.1,-6.7,0.0,300.0,3.9
2016-04-11,1.6,-1.4,-3.7,0.5,300.0,2.4
2016-04-12,4.9,-0.5,-5.2,0.4,300.0,2.2
2016-04-13,4.7,0.3,-2.8,0.0,299.0,1.6
2016-04-14,0.1,-1.3,-1.7,2.0,303.0,3.4
2016-04-15,0.1,-3.6,-5.1,14.3,315.0,2.2
2016-04-16,4.1,-3.4,-6.9,2.5,311.0,2.2
2016-04-17,1.6,-3.3,-6.7,0.0,308.0,3.5
2016-04-18,-1.5,-3.2,-4.5,9.3,310.0,7.4
2016-04-19,-1.4,-3.2,-4.9,13.3,356.0,4.6
2016-04-20,-2.0,-3.6,-6.1,9.5,352.0,3.7
2016-04-21,-1.4,-2.9,-4.1,2.5,386.0,6.4
2016-04-22,-3.7,-6.0,-6.5,3.4,378.0,3.7
2016-04-23,-1.4,-6.8,-10.3,0.9,376.0,2.5
2016-04-24,0.7,-6.3,-8.2,2.8,378.0,3.0
2016-04-25,-3.5,-6.3,-10.2,0.2,375.0,7.4
2016-04-26,-2.3,-4.8,-6.9,7.7,366.0,5.9
2016-04-27,2.7,-3.2,-5.8,0.1,365.0,3.5
2016-04-28,-0.1,-2.9,-4.9,0.0,364.0,5.5
2016-04-29,-0.8,-3.3,-6.3,0.0,363.0,5.3
2016-04-30,0.1,-2.4,-4.4,1.9,362.0,7.4
2016-05-01,-0.8,-2.2,-5.0,42.3,361.0,7.0
2016-05-02,3.8,1.4,-2.2,65.0,360.0,11.3
2016-05-03,2.1,-0.5,-1.6,5.9,363.0,4.0
2016-05-04,2.2,-0.3,-2.7,3.3,366.0,5.3
2016-09-15,16.5,13.7,10.8,0.0,0.0,6.0
2016-09-16,14.9,13.3,11.8,0.0,0.0,9.1
2016-09-17,13.0,9.5,7.8,0.0,0.0,4.2
2016-09-18,12.6,9.7,6.3,0.0,0.0,5.0
2016-09-19,10.5,7.6,5.2,0.0,0.0,2.0
2016-09-20,10.1,8.2,5.9,0.0,0.0,3.8
2016-09-21,9.4,7.8,5.6,0.0,0.0,6.6
2016-09-22,9.0,7.2,5.8,0.0,0.0,6.6
2016-09-23,7.2,4.1,2.5,0.9,0.0,4.6
2016-09-24,7.6,5.4,2.2,1.2,0.0,6.0
2016-09-25,11.0,8.5,6.5,0.0,0.0,10.8
2016-09-26,9.5,4.6,3.4,2.0,0.0,4.3
2016-09-27,6.3,4.5,3.7,0.4,0.0,8.2
2016-09-28,4.3,3.5,2.3,56.7,0.0,6.0
2016-09-29,8.2,3.6,2.0,33.1,0.0,7.9
2016-09-30,2.4,0.0,-0.7,41.0,3.0,6.8
2016-10-01,2.0,0.6,-0.1,21.3,16.0,2.2
2016-10-02,4.2,2.6,-0.8,0.2,13.0,5.6
2016-10-03,8.8,3.3,-0.7,0.0,12.0,1.9
2016-10-04,7.3,4.8,1.6,0.0,12.0,2.9
2016-10-05,8.3,4.7,-0.2,0.0,11.0,2.6
2016-10-06,9.2,7.1,3.7,0.0,10.0,4.5
2016-10-07,8.0,4.7,3.2,0.0,9.0,8.2
2016-10-08,4.2,1.7,-1.1,0.3,6.0,3.5
2016-10-09,3.1,0.1,-1.1,0.0,6.0,5.3
2016-10-10,4.3,2.3,-1.4,0.0,0.0,5.4
2016-10-11,6.2,3.8,0.7,0.2,0.0,3.5
2016-10-12,8.7,5.3,1.0,0.0,0.0,2.9
2016-10-13,7.6,4.2,1.8,0.0,0.0,4.9
2016-10-14,5.6,3.4,1.9,0.0,0.0,10.0
2016-10-15,5.2,2.3,-0.6,0.6,0.0,13.3
2016-10-16,2.3,1.3,-1.0,1.8,0.0,11.2
2016-10-17,5.9,3.0,1.0,0.6,0.0,11.6
2016-10-18,3.7,2.9,1.9,1.5,0.0,9.8
2016-10-19,5.2,2.9,1.4,0.2,0.0,2.6
2016-10-20,3.2,0.9,0.2,0.0,0.0,7.1
2016-10-21,1.2,-0.8,-2.2,0.3,0.0,5.9
2016-10-22,1.0,-2.5,-3.7,0.0,0.0,6.8
2016-10-23,-2.5,-3.3,-4.7,0.5,0.0,8.0
2016-10-24,0.1,-1.1,-2.7,0.5,0.0,8.6
2016-10-25,0.2,-1.3,-2.1,0.4,0.0,4.5
2016-10-26,2.9,0.7,-2.3,0.0,0.0,5.7
2016-10-27,2.5,1.6,0.6,26.0,0.0,6.5
2016-10-28,3.5,-1.8,-2.7,37.4,0.0,7.5
2016-10-29,-1.8,-2.6,-3.3,11.9,49.0,4.0
2016-10-30,3.1,1.4,-2.6,0.8,45.0,2.4
2016-10-31,4.5,2.9,2.3,0.3,30.0,3.6
2016-11-01,3.1,-2.4,-2.8,11.8,25.0,2.9
2016-11-02,-1.8,-4.2,-6.9,1.1,27.0,2.5
2016-11-03,-2.0,-3.5,-6.4,0.0,26.0,3.0
2016-11-04,-1.7,-3.1,-3.8,0.0,24.0,5.8
2016-11-05,-3.1,-6.0,-7.2,5.0,21.0,11.8
2016-11-06,-5.0,-7.9,-10.1,8.3,18.0,10.0
2016-11-07,-6.9,-11.7,-13.3,0.9,18.0,8.6
2016-11-08,-8.3,-11.3,-13.2,1.4,17.0,12.0
2016-11-09,-8.4,-10.3,-12.1,1.1,17.0,10.9
2016-11-10,-5.8,-7.8,-10.3,1.6,18.0,3.3
2016-11-11,-4.8,-6.0,-9.3,0.0,18.0,5.4
2016-11-12,-1.6,-2.9,-6.3,0.0,18.0,8.4
2016-11-13,0.2,-0.7,-1.9,2.1,19.0,5.1
2016-11-14,3.7,2.3,-1.9,0.9,20.0,6.5
2016-11-15,5.6,1.3,-1.2,10.0,9.0,6.6
2016-11-16,0.4,-1.7,-3.7,13.5,28.0,5.9
2016-11-17,-3.6,-4.3,-5.2,17.7,77.0,7.6
2016-11-18,-2.9,-3.6,-4.5,5.1,25.0,6.0
2016-11-19,-3.1,-4.1,-6.0,9.2,50.0,5.5
2016-11-20,-3.0,-4.3,-6.4,1.7,35.0,8.9
2016-11-21,-2.0,-2.6,-4.0,1.9,22.0,5.5
2016-11-22,3.4,1.2,-2.6,5.3,17.0,10.5
2016-11-23,1.8,-2.4,-5.1,4.3,21.0,4.9
2016-11-24,-0.3,-2.1,-5.6,4.3,36.0,4.7
2016-11-25,1.0,0.7,-0.3,5.5,35.0,6.7
2016-11-26,2.7,-1.9,-4.2,5.9,30.0,6.5
2016-11-27,-3.5,-5.8,-6.3,4.5,55.0,3.2
2016-11-28,-4.6,-7.0,-8.3,0.0,54.0,2.1
2016-11-29,-2.0,-4.2,-9.6,0.0,54.0,6.3
2016-11-30,-3.5,-4.3,-5.3,6.8,93.0,4.8
2016-12-01,-0.5,-3.4,-6.5,5.5,117.0,5.9
2016-12-02,-5.9,-6.5,-8.0,1.8,117.0,2.0
2016-12-03,-1.8,-3.2,-7.4,0.1,116.0,4.0
2016-12-04,-0.1,-0.8,-1.8,4.2,115.0,4.8
2016-12-05,-0.1,-2.5,-3.1,2.7,123.0,4.5
2016-12-06,0.1,-3.3,-8.2,0.2,120.0,4.2
2016-12-07,4.5,2.6,-4.5,2.5,118.0,7.3
2016-12-08,4.7,2.3,1.5,36.8,102.0,8.0
2016-12-09,1.9,0.3,-1.1,13.5,109.0,5.4
2016-12-10,1.9,0.1,-1.0,14.3,102.0,4.4
2016-12-11,-0.7,-2.0,-4.8,14.0,132.0,2.6
2016-12-12,-0.3,-2.4,-5.5,1.2,133.0,5.1
2016-12-13,-0.2,-1.7,-5.3,3.1,131.0,4.0
2016-12-14,2.5,0.1,-3.3,0.8,131.0,5.6
2016-12-15,3.6,2.9,-1.7,0.5,125.0,6.2
2016-12-16,3.6,1.1,-1.4,0.6,115.0,3.6
2016-12-17,0.6,-1.0,-2.9,1.5,116.0,5.0
2016-12-18,3.4,0.8,-5.4,6.1,127.0,3.9
2016-12-19,7.6,4.9,2.5,0.5,114.0,5.3
2016-12-20,3.5,0.7,-1.7,0.5,103.0,6.9
2016-12-21,1.0,-2.3,-3.4,0.0,102.0,8.9
2016-12-22,-2.8,-4.1,-4.7,16.0,102.0,8.6
2016-12-23,-1.4,-3.4,-5.6,20.4,121.0,9.2
2016-12-24,-0.6,-4.8,-6.3,17.1,139.0,9.4
2016-12-25,3.5,-1.4,-5.3,16.9,144.0,8.8
2016-12-30,2.3,1.3,-0.8,2.1,135.0,7.9
2016-12-31,2.2,-1.1,-2.5,54.4,139.0,6.2
2017-01-01,-1.9,-6.6,-8.7,5.2,161.0,3.2
2017-01-02,-7.2,-8.3,-11.8,0.6,159.0,2.2
2017-01-03,-1.8,-5.1,-8.3,2.5,165.0,7.6
2017-01-04,-5.4,-8.6,-10.3,4.0,152.0,4.4
2017-01-05,-9.1,-11.7,-15.5,0.0,147.0,3.8
2017-01-06,-1.3,-4.3,-13.0,0.3,145.0,9.1
2017-01-07,-0.2,-5.6,-8.5,5.5,162.0,2.5
2017-01-08,0.3,-1.2,-7.0,0.1,161.0,5.9
2017-01-09,1.6,0.4,-0.3,0.8,158.0,7.4
2017-01-10,0.5,-2.7,-4.8,3.4,162.0,7.9
2017-01-11,-0.8,-3.7,-5.8,8.2,164.0,8.0
2017-01-12,-4.3,-5.6,-6.6,6.4,175.0,8.4
2017-01-13,-5.1,-6.7,-8.6,10.9,199.0,4.4
2017-01-14,-5.9,-10.4,-14.3,4.5,200.0,2.0
2017-01-15,-9.4,-11.1,-14.6,0.0,197.0,2.1
2017-01-16,-4.5,-6.7,-11.1,0.0,195.0,3.9
2017-01-17,1.5,-0.3,-5.9,0.1,193.0,6.6
2017-01-18,2.1,0.7,-0.6,1.4,189.0,5.6
2017-01-19,1.5,0.8,-0.6,7.5,190.0,8.1
2017-01-20,1.1,0.4,-0.1,3.0,184.0,6.2
2017-01-21,5.0,1.4,-2.6,4.4,185.0,2.9
2017-01-22,5.1,-2.6,-6.1,0.0,184.0,4.1
2017-01-23,-2.8,-3.6,-5.9,0.5,186.0,3.2
2017-01-24,-1.2,-2.8,-6.6,0.6,190.0,6.4
2017-01-25,2.0,1.1,-1.3,0.0,188.0,5.9
2017-01-26,6.2,2.7,-1.3,0.6,185.0,8.4
2017-01-27,6.5,2.3,-1.3,0.0,142.0,11.8
2017-01-28,0.7,-0.9,-7.3,0.0,142.0,10.2
2017-01-29,0.7,-2.8,-5.1,0.8,142.0,9.8
2017-01-30,-2.9,-4.8,-7.3,5.9,147.0,2.3
2017-01-31,-0.5,-3.1,-9.0,0.0,145.0,6.8
2017-02-01,2.6,0.2,-3.4,0.0,135.0,9.3
2017-02-02,2.5,0.9,-1.6,0.3,135.0,11.1
2017-02-03,3.6,2.2,0.8,0.5,131.0,11.5
2017-02-04,3.8,-1.1,-3.3,0.7,125.0,11.8
2017-02-05,-0.7,-4.2,-5.5,1.4,126.0,11.4
2017-02-06,-3.9,-7.0,-9.3,2.3,93.0,15.9
2017-02-07,-9.1,-11.9,-14.8,2.0,92.0,20.5
2017-02-08,-8.7,-11.4,-16.2,3.8,92.0,14.7
2017-02-09,-9.3,-11.7,-12.9,0.9,92.0,12.4
2017-02-10,-8.5,-10.1,-13.5,2.5,91.0,7.5
2017-02-11,-0.9,-4.0,-9.8,0.6,91.0,2.2
2017-02-12,-0.1,-3.2,-6.4,0.0,91.0,1.3
2017-02-13,5.3,0.8,-3.6,0.0,91.0,1.5
2017-02-14,5.8,1.7,-1.7,0.0,91.0,2.9
2017-02-15,5.9,2.6,0.3,0.0,91.0,5.6
2017-02-16,2.0,0.2,-0.9,0.5,89.0,3.5
2017-02-17,-0.5,-2.6,-5.3,2.8,94.0,1.7
2017-02-18,0.7,-1.5,-5.9,0.3,95.0,5.6
2017-02-19,0.2,-0.7,-1.0,16.9,120.0,6.1
2017-02-20,0.2,-1.0,-2.1,7.5,153.0,6.8
2017-02-21,-1.5,-4.0,-5.9,10.5,195.0,7.4
2017-02-22,-2.5,-3.9,-5.0,5.5,208.0,7.1
2017-02-23,-3.4,-9.7,-12.6,11.4,232.0,4.1
2017-02-24,-6.3,-11.4,-14.7,0.1,227.0,1.7
2017-02-25,-1.3,-4.9,-13.5,0.0,224.0,9.1
2017-02-26,-1.1,-3.0,-4.6,5.0,211.0,6.8
2017-02-27,-0.1,-2.5,-4.5,2.7,198.0,10.0
2017-02-28,-1.9,-3.4,-4.2,7.2,313.0,9.5
2017-03-01,-3.7,-5.6,-7.6,0.8,186.0,4.8
2017-03-02,-3.5,-5.2,-7.4,2.3,185.0,7.0
2017-03-03,-1.5,-4.0,-6.2,1.1,186.0,2.5
2017-03-04,-2.6,-4.9,-9.0,2.2,189.0,8.6
2017-03-05,-3.8,-6.7,-8.0,2.5,158.0,20.1
2017-03-06,-6.6,-9.4,-11.5,9.2,41.0,16.5
2017-03-07,-7.0,-10.3,-12.3,4.8,137.0,9.7
2017-03-08,-3.6,-7.2,-14.1,0.1,136.0,6.8
2017-03-09,-1.9,-3.2,-5.2,5.2,156.0,6.5
2017-03-10,-2.2,-4.0,-6.4,11.1,166.0,2.3
2017-03-11,0.0,-1.3,-6.2,0.4,165.0,6.8
2017-03-12,1.5,-0.1,-1.3,1.5,162.0,6.2
2017-03-13,-0.2,-2.1,-3.5,0.7,161.0,7.0
2017-03-14,0.1,-2.0,-3.5,12.6,171.0,10.1
2017-03-15,-2.9,-3.7,-4.4,22.6,173.0,10.1
2017-03-16,1.1,-1.8,-3.9,4.3,179.0,7.8
2017-03-17,-2.4,-5.5,-6.5,21.9,194.0,7.3
2017-03-18,-5.4,-8.1,-10.6,5.2,216.0,2.1
2017-03-19,-3.5,-5.5,-12.4,0.4,212.0,8.3
2017-03-20,-1.3,-3.5,-4.5,4.9,194.0,7.7
2017-03-21,-2.3,-4.1,-4.8,7.2,191.0,5.7
2017-03-22,-4.5,-6.7,-8.4,7.8,214.0,3.8
2017-03-23,-4.1,-6.9,-13.0,3.9,218.0,5.0
2017-03-24,-3.0,-3.9,-5.4,19.0,218.0,7.2
2017-03-25,0.0,-0.9,-4.0,1.8,235.0,4.4
2017-03-26,5.8,3.6,-0.2,0.0,229.0,1.4
2017-03-27,6.2,3.9,2.1,0.0,214.0,2.5
2017-03-28,8.7,3.0,-0.4,0.0,206.0,1.9
2017-03-29,3.4,-1.0,-3.3,0.0,204.0,1.9
2017-03-30,1.8,0.9,-4.3,0.3,205.0,5.4
2017-03-31,4.6,3.1,1.0,11.3,206.0,6.1
2017-04-01,4.6,1.1,0.4,11.0,199.0,6.2
2017-04-02,1.4,-0.3,-1.1,7.1,203.0,2.7
2017-04-03,4.9,-0.1,-4.5,3.8,204.0,4.2
2017-04-04,0.9,-1.5,-2.9,0.1,204.0,8.3
2017-04-05,-2.4,-3.9,-4.8,15.8,203.0,7.5
2017-04-06,0.6,-1.3,-4.4,1.7,207.0,5.4
2017-04-07,2.3,0.6,-0.6,11.3,211.0,4.0
2017-04-08,1.3,-0.5,-1.1,0.0,208.0,4.5
2017-04-09,3.1,0.9,-2.5,2.0,212.0,5.4
2017-04-10,2.8,-4.0,-6.5,3.6,217.0,6.1
2017-04-11,-1.9,-4.4,-8.1,4.0,229.0,4.4
2017-04-12,-1.0,-2.2,-2.8,4.6,234.0,4.0
2017-04-13,-2.2,-4.5,-5.8,5.2,242.0,3.2
2017-04-14,-0.6,-5.3,-10.7,1.1,242.0,2.8
2017-04-15,2.3,-3.8,-5.6,0.0,232.0,4.9
2017-04-16,-2.1,-4.4,-5.0,4.1,234.0,3.7
2017-04-17,1.6,-4.5,-8.2,1.4,237.0,1.8
2017-04-18,-2.9,-5.2,-8.5,0.0,235.0,2.1
2017-04-19,-3.1,-4.2,-6.0,2.6,238.0,5.0
2017-04-20,1.1,-1.1,-3.6,1.9,233.0,8.0
2017-04-21,-1.4,-4.7,-6.8,5.9,232.0,8.4
2017-04-22,-3.0,-4.9,-6.5,4.2,239.0,4.5
2017-04-23,-4.7,-6.2,-8.1,1.8,238.0,4.5
2017-04-24,-3.9,-6.5,-7.4,6.5,260.0,4.1
2017-04-25,-3.3,-6.3,-8.6,6.3,268.0,3.6
2017-04-26,-1.2,-5.4,-9.4,0.1,263.0,2.4
2017-04-27,-0.1,-3.6,-7.1,1.8,267.0,4.4
2017-04-28,-2.5,-4.2,-6.9,1.3,399.0,9.2
2017-04-29,-1.7,-3.1,-3.9,1.8,256.0,9.6
2017-04-30,1.3,-2.0,-5.0,0.1,254.0,4.2
2017-05-01,4.3,1.1,-3.5,0.0,252.0,4.4
2017-05-02,10.0,4.0,-1.7,0.0,250.0,3.4
2017-05-03,10.1,5.1,2.5,0.0,248.0,4.6
2017-05-04,11.0,4.9,1.8,0.0,243.0,5.6
2017-05-05,12.0,7.0,3.7,0.0,239.0,3.9
2017-05-06,9.4,6.4,4.0,0.0,234.0,2.8
2017-05-07,7.5,4.4,3.2,0.0,228.0,5.0
2017-05-08,4.7,-0.9,-2.5,0.0,223.0,3.3
2017-05-09,2.3,-2.6,-5.3,0.0,223.0,2.2
2017-05-10,2.6,-1.6,-3.7,2.8,228.0,2.5
2017-05-11,1.3,-1.3,-4.0,3.8,230.0,4.2
2017-05-12,2.1,1.2,-0.7,0.0,225.0,7.7
2017-05-13,6.4,4.0,1.0,0.0,222.0,7.5
2017-05-14,7.7,4.3,3.0,0.4,214.0,4.0
2017-05-15,5.8,4.1,2.4,0.4,209.0,5.6
2017-05-16,8.0,5.3,2.5,0.2,201.0,12.7
2017-05-17,6.5,5.4,3.1,15.8,180.0,5.3
2017-05-18,8.8,5.9,2.6,6.5,166.0,5.8
2017-05-19,12.4,7.4,2.2,1.8,159.0,4.7
2017-05-20,12.5,8.0,6.1,0.0,144.0,8.5
2017-05-21,6.9,2.5,0.9,0.3,127.0,2.7
2017-05-23,8.5,4.5,0.8,0.0,58.0,2.5
2017-05-24,6.3,2.6,1.9,0.2,57.0,2.7
2017-05-25,6.0,3.9,1.3,0.0,54.0,3.9
2017-05-26,9.8,6.7,2.9,0.2,46.0,4.2
2017-05-27,12.4,10.1,6.2,0.0,30.0,7.1
2017-05-28,12.0,8.7,5.8,0.0,6.0,5.4
2017-05-29,11.4,8.3,4.7,0.0,0.0,2.5
2017-06-02,6.8,5.2,1.6,2.4,0.0,3.6
2017-06-03,9.9,6.3,3.4,2.3,0.0,2.7
2017-06-04,8.3,4.4,2.9,5.0,0.0,4.5
2017-06-05,4.2,2.4,0.6,4.1,0.0,3.8
2017-06-06,8.1,5.9,2.5,5.5,0.0,10.0
2017-06-07,8.9,6.0,5.6,0.7,0.0,7.3
2017-06-08,6.1,4.1,3.0,0.4,0.0,7.4
2017-06-09,8.0,6.1,3.0,2.4,0.0,8.0
2017-06-10,7.3,5.0,3.2,3.2,0.0,3.4
2017-06-11,7.8,5.7,4.6,0.5,0.0,6.5
2017-06-12,5.5,4.1,2.8,5.3,0.0,3.4
2017-06-13,4.9,3.7,3.0,1.3,0.0,2.9
2017-06-14,7.6,4.6,2.0,0.0,0.0,2.9
2017-06-15,10.1,7.7,4.0,0.0,0.0,7.2
2017-06-16,9.4,4.8,3.5,3.1,0.0,3.1
2017-09-03,8.0,6.6,5.5,0.0,0.0,7.0
2017-09-20,4.9,4.1,3.1,0.9,0.0,4.3
2017-09-22,7.8,5.7,4.4,4.8,0.0,9.2
2017-09-23,8.0,6.5,4.6,0.0,0.0,6.3
2017-09-24,8.2,7.0,5.0,0.0,0.0,6.5
2017-09-25,12.1,8.0,6.7,0.0,0.0,8.8
2017-09-26,7.4,6.2,5.2,0.0,0.0,9.5
2017-09-27,8.7,7.0,6.0,0.0,0.0,7.7
2017-09-28,7.3,6.1,5.4,0.1,0.0,11.9
2017-09-29,6.8,5.8,4.8,0.0,0.0,13.5
2017-09-30,6.5,4.8,3.4,27.0,0.0,13.1
2017-10-01,6.8,5.2,3.7,39.4,0.0,12.7
2017-10-02,7.0,3.8,2.4,42.9,0.0,8.1
2017-10-03,3.4,2.0,0.9,37.6,0.0,6.4
2017-10-04,1.1,-0.6,-1.6,38.4,8.0,4.3
2017-10-05,0.8,0.0,-1.6,20.4,32.0,3.1
2017-10-06,1.9,0.5,0.0,3.5,25.0,2.6
2017-10-07,0.1,-1.4,-3.1,3.6,26.0,2.6
2017-10-08,4.0,-0.4,-2.5,0.0,23.0,1.6
2017-10-10,4.0,1.7,0.0,0.0,22.0,6.7
2017-10-11,5.4,2.7,-0.4,12.8,22.0,5.8
2017-10-12,4.6,0.4,-0.2,17.4,16.0,3.2
2017-10-13,7.0,4.6,-0.9,2.4,18.0,6.1
2017-10-14,7.3,2.6,1.7,32.7,0.0,6.3
2017-10-15,7.5,5.1,0.8,6.0,0.0,6.3
2017-10-16,6.8,2.6,1.1,4.3,0.0,4.2
2017-10-17,9.1,4.6,2.0,3.2,0.0,5.2
2017-10-18,7.3,3.5,1.3,6.8,0.0,2.0
2017-10-19,4.6,3.6,0.8,0.0,0.0,7.8
2017-10-20,7.4,4.9,3.7,0.1,0.0,13.4
2017-10-21,5.4,2.4,1.2,4.2,0.0,13.1
2017-10-22,2.8,1.4,0.5,0.1,0.0,9.4
2017-10-23,3.3,0.8,-1.9,0.3,0.0,10.5
2017-10-24,3.6,1.4,-1.7,7.3,0.0,11.0
2017-10-25,3.7,1.7,0.5,7.7,0.0,4.7
2017-10-26,2.3,1.2,0.6,38.5,0.0,3.5
2017-10-27,1.0,0.1,-1.0,11.0,0.0,5.6
2017-10-28,1.4,-0.6,-1.4,13.2,5.0,6.7
2017-10-29,0.4,-4.2,-5.1,11.0,17.0,5.3
2017-10-30,-4.0,-4.8,-6.6,0.0,16.0,2.4
2017-10-31,2.2,0.1,-4.0,1.7,23.0,4.7
2017-11-01,4.5,3.3,1.7,1.1,14.0,5.5
2017-11-02,2.8,1.3,-0.6,33.4,5.0,1.7
2017-11-03,4.4,-1.3,-2.8,0.8,4.0,5.6
2017-11-04,1.4,0.4,-1.1,3.4,16.0,5.1
2017-11-05,1.4,-1.9,-2.7,2.8,21.0,2.7
2017-11-06,-2.5,-3.8,-7.1,1.8,24.0,3.9
2017-11-07,1.5,0.0,-3.6,0.0,16.0,8.8
2017-11-08,1.4,-0.2,-0.8,0.0,15.0,7.0
2017-11-09,0.9,-1.7,-2.8,15.5,47.0,8.5
2017-11-10,-2.4,-4.5,-5.6,30.3,77.0,4.6
2017-11-11,-3.6,-4.4,-5.8,10.4,158.0,4.1
2017-11-12,-3.4,-4.1,-5.3,3.9,157.0,2.4
2017-11-13,-4.4,-6.8,-9.6,0.1,148.0,2.1
2017-11-15,-1.2,-3.0,-4.4,10.7,147.0,6.4
2017-11-16,0.1,-2.6,-3.8,2.3,140.0,8.2
2017-11-17,-2.0,-3.4,-4.5,11.5,123.0,9.6
2017-11-18,-2.5,-4.1,-5.7,14.0,136.0,6.1
2017-11-19,-2.5,-5.8,-7.5,7.4,163.0,1.9
2017-11-20,-4.9,-7.5,-9.7,0.0,158.0,1.1
2017-11-21,-5.9,-8.1,-10.7,0.0,154.0,4.7
2017-11-23,4.1,0.3,-4.6,28.4,62.0,8.6
2017-11-24,-4.4,-5.3,-6.0,21.9,96.0,6.7
2017-11-25,-4.3,-5.1,-6.6,18.2,117.0,6.7
2017-11-26,-2.3,-4.1,-6.0,10.4,154.0,4.6
2017-11-27,-4.3,-5.5,-8.9,6.0,152.0,7.6
2017-11-28,-4.4,-5.6,-6.5,0.9,95.0,8.5
2017-11-29,-4.3,-7.3,-10.4,0.1,94.0,2.9
2017-12-30,-3.7,-6.0,-8.0,3.5,177.0,10.3
2017-12-31,-3.3,-4.4,-7.1,2.3,173.0,12.7
2018-01-02,-3.9,-4.7,-6.5,7.2,182.0,5.2
2018-01-04,-4.4,-5.3,-6.7,6.8,171.0,10.5
2018-01-05,-4.7,-7.1,-9.4,0.3,166.0,5.7
2018-01-06,-7.7,-10.4,-13.0,0.0,166.0,2.5
2018-01-11,-0.3,-1.5,-4.8,9.3,151.0,2.4
2018-01-12,2.2,0.3,-2.7,0.0,151.0,6.7
2018-01-13,2.1,-3.9,-8.2,0.0,151.0,11.4
2018-01-14,-3.8,-6.2,-8.4,0.5,150.0,13.5
2018-01-15,-5.0,-5.9,-8.3,0.2,164.0,18.6
2018-02-09,-2.2,-3.2,-3.5,4.0,202.0,10.0
2018-02-10,-3.2,-5.7,-7.1,1.0,201.0,12.3
2018-02-12,-6.3,-8.0,-10.4,5.1,179.0,4.0
2018-02-13,-5.4,-6.6,-9.5,1.6,180.0,8.3
2018-02-14,-4.7,-6.1,-7.1,0.7,179.0,15.0
2018-02-15,-6.3,-6.9,-7.8,3.5,179.0,18.9
2018-02-16,-3.5,-4.7,-6.8,3.3,179.0,6.2
2018-02-17,-3.3,-4.7,-7.2,4.2,186.0,5.7
2018-02-19,-4.3,-6.5,-9.2,2.8,177.0,9.4
2018-02-20,-5.9,-7.8,-10.0,0.0,176.0,3.8
2018-02-21,-2.5,-5.8,-8.0,1.1,180.0,3.4
2018-02-22,-3.5,-7.5,-10.1,0.1,179.0,2.3
2018-02-23,-1.4,-6.4,-10.4,0.0,179.0,2.2
2018-02-24,-3.8,-7.2,-9.4,0.0,179.0,1.8
2018-02-25,-4.4,-8.1,-10.3,0.2,179.0,1.3
2018-02-26,-5.9,-9.2,-11.5,4.1,185.0,3.1
2018-02-28,-17.9,-19.7,-22.2,4.1,162.0,15.1
2018-03-01,-11.2,-13.8,-19.9,4.6,161.0,15.4
2018-03-02,-8.3,-10.7,-13.7,1.3,159.0,13.0
2018-03-03,-6.2,-9.4,-11.4,1.4,159.0,2.9
2018-03-04,-6.5,-10.8,-12.9,1.5,162.0,2.4
2018-03-05,-7.8,-10.2,-12.9,0.0,158.0,8.0
2018-03-06,-4.2,-7.9,-11.4,0.0,158.0,2.5
2018-03-07,-2.9,-3.7,-8.6,0.1,158.0,9.4
2018-03-08,-2.8,-5.3,-5.7,0.1,158.0,8.9
2018-03-09,-2.9,-6.7,-8.9,0.5,158.0,0.7
2018-03-10,0.2,-5.3,-8.8,0.7,160.0,3.5
2018-03-11,-2.2,-4.5,-5.9,0.0,157.0,11.5
2018-03-12,-1.4,-4.4,-6.5,3.8,160.0,2.7
2018-03-13,0.0,-6.3,-8.6,1.0,161.0,1.3
2018-03-14,-3.9,-7.6,-10.6,0.0,161.0,3.7
2018-03-15,-5.9,-8.5,-10.3,0.0,157.0,16.5
2018-03-16,-6.8,-12.4,-14.2,4.7,154.0,19.7
2018-03-17,-6.9,-9.8,-15.3,2.0,153.0,10.9
2018-03-18,-2.6,-7.9,-11.6,0.0,153.0,1.7
2018-03-19,-3.1,-6.1,-8.5,0.1,154.0,4.5
2018-03-20,-1.5,-7.0,-10.6,0.3,167.0,2.4
2018-03-21,-4.2,-4.7,-7.0,1.4,181.0,5.4
2018-03-22,2.8,-2.1,-7.2,2.3,175.0,2.2
2018-03-23,2.7,-0.5,-2.7,0.0,173.0,11.2
2018-03-24,-1.1,-3.5,-4.1,2.9,172.0,6.1
2018-03-25,-3.2,-3.9,-4.5,3.5,174.0,4.4
2018-03-26,-3.4,-5.2,-8.8,6.0,184.0,2.7
2018-03-27,-4.1,-7.1,-8.3,0.4,177.0,8.7
2018-03-28,-4.0,-7.8,-10.0,0.8,171.0,11.3
2018-03-29,-5.3,-8.3,-12.1,0.6,204.0,8.1
2018-03-30,-4.5,-9.2,-11.5,0.1,197.0,3.3
2018-03-31,-6.1,-10.8,-13.8,0.0,197.0,2.2
2018-04-01,-1.7,-9.8,-14.4,0.0,197.0,1.1
2018-04-02,-2.1,-8.2,-12.4,0.0,197.0,1.8
2018-04-03,-5.2,-6.6,-9.4,0.0,196.0,12.4
2018-04-04,0.4,-1.8,-6.4,7.4,203.0,6.4
2018-04-05,0.1,-4.6,-7.4,3.5,207.0,5.6
2018-04-06,-4.7,-6.0,-8.8,2.1,205.0,3.9
2018-04-07,2.5,-0.3,-5.0,0.6,200.0,8.1
2018-04-08,3.9,2.3,0.7,2.3,199.0,3.7
2018-04-09,2.3,0.8,-0.4,7.8,192.0,3.0
2018-04-10,3.1,0.2,-2.3,2.0,191.0,4.9
2018-04-11,10.7,4.6,-1.0,0.0,189.0,1.9
2018-04-12,7.0,3.1,-0.1,0.0,188.0,13.6
2018-04-13,8.0,4.7,0.5,0.0,185.0,15.5
2018-04-14,10.5,8.6,4.1,0.1,174.0,10.5
2018-04-15,9.8,7.4,5.6,0.0,159.0,5.2
2018-04-16,6.7,4.2,3.2,0.0,153.0,5.2
2018-04-17,4.4,2.4,1.6,0.1,35.0,6.4
2018-04-18,4.5,3.2,1.3,9.3,32.0,4.5
2018-04-19,8.2,6.5,3.1,0.0,27.0,5.5
2018-04-20,7.6,3.4,0.9,0.0,18.0,5.0
2018-04-21,0.9,-0.9,-2.0,3.3,21.0,3.7
2018-04-22,5.5,2.8,-3.6,0.5,21.0,8.0
2018-04-23,4.7,0.5,-0.6,10.4,13.0,5.6
2018-04-24,0.0,-1.2,-1.8,16.0,38.0,5.0
2018-04-25,0.2,-2.0,-3.4,7.1,58.0,3.5
2018-04-27,1.5,-1.6,-3.5,3.8,73.0,2.3
2018-04-28,3.8,-2.3,-5.4,4.8,71.0,2.0
2018-04-29,4.3,-1.4,-5.7,1.1,63.0,1.6
2018-04-30,2.2,0.5,-3.4,0.0,59.0,7.5
2018-05-01,2.2,-0.7,-2.7,2.8,56.0,8.1
2018-05-02,1.1,-0.3,-2.0,1.7,56.0,10.9
2018-05-03,0.6,-1.6,-2.7,1.5,57.0,6.7
2018-05-04,2.6,1.3,-3.7,2.9,67.0,5.6
2018-05-05,6.5,5.2,2.0,1.9,54.0,6.5
2018-05-06,6.6,4.5,3.0,4.2,37.0,5.2
2018-05-07,7.5,5.7,3.0,0.2,28.0,5.9
2018-05-08,10.5,8.3,5.9,0.0,18.0,10.4
2018-05-09,10.4,8.4,6.2,0.0,0.0,11.1
2018-05-11,8.9,4.9,0.3,4.7,0.0,2.9
2018-05-12,8.9,6.7,4.2,0.0,0.0,2.7
2018-05-13,10.0,7.5,3.5,0.0,0.0,6.6
2018-05-14,11.5,9.8,6.3,0.0,0.0,7.0
2018-05-16,10.6,3.8,2.4,0.0,0.0,3.0
2018-05-17,7.3,4.1,-0.6,0.1,0.0,2.1
2018-05-18,7.2,5.7,3.0,0.0,0.0,5.1
2018-05-19,8.6,6.2,2.2,0.0,0.0,3.6
2018-05-20,8.8,6.2,4.3,0.0,0.0,6.0
2018-05-22,11.7,7.9,3.7,0.0,0.0,1.5
2018-05-23,11.2,9.1,5.0,0.0,0.0,5.2
2018-05-24,11.6,10.2,8.7,0.0,0.0,6.5
2018-05-25,13.9,9.9,7.3,0.0,0.0,2.8
2018-05-26,15.6,12.5,7.9,0.0,0.0,2.3
2018-05-27,15.5,13.6,11.8,0.0,0.0,5.0
2018-05-28,14.7,11.0,7.7,0.0,0.0,4.9
2018-05-29,15.3,12.1,8.0,0.0,0.0,3.5
2018-05-30,17.7,14.9,11.4,0.0,0.0,7.8
2018-05-31,17.0,13.6,8.9,0.0,0.0,5.4
2018-06-01,15.5,12.5,9.5,0.0,0.0,3.1
2018-06-02,15.5,12.9,9.4,0.0,0.0,2.0
2018-06-03,15.4,11.2,8.7,0.0,0.0,2.6
2018-06-04,13.8,10.6,7.0,0.0,0.0,2.1
2018-06-05,13.3,9.5,7.9,0.0,0.0,2.4
2018-06-06,10.7,8.5,6.3,0.0,0.0,4.1
2018-06-07,12.2,8.9,5.4,0.0,0.0,3.3
2018-06-08,13.8,11.5,6.9,0.0,0.0,2.3
2018-06-09,14.1,12.0,10.2,0.0,0.0,5.5
2018-06-10,13.2,9.6,8.3,0.0,0.0,4.0
2018-06-11,9.2,6.2,4.3,24.0,0.0,1.1
2018-06-12,8.3,5.3,4.1,0.2,0.0,1.7
2018-06-13,8.6,5.1,2.8,0.0,0.0,2.0
2018-06-15,6.1,1.9,0.3,28.6,0.0,5.1
2018-06-16,7.2,4.7,1.9,8.8,0.0,3.1
2018-06-17,8.2,5.3,3.5,3.2,0.0,4.8
2018-06-18,6.5,4.1,2.4,0.7,0.0,4.7
2018-06-19,3.1,1.1,0.5,18.4,0.0,7.5
2018-06-20,4.2,1.3,0.0,34.2,5.0,2.9
2018-06-21,2.6,0.5,-1.3,3.1,3.0,2.2
2018-06-22,5.0,1.9,0.2,3.3,0.0,3.7
2018-06-23,6.0,3.6,1.1,0.2,0.0,2.6
2018-06-24,7.5,5.6,3.0,0.0,0.0,1.4
2018-06-25,11.2,8.6,4.9,0.9,0.0,1.0
2018-06-26,13.5,10.9,6.6,0.3,0.0,1.6
2018-06-29,14.9,10.5,5.5,0.0,0.0,1.9
2018-06-30,14.4,10.9,8.6,0.0,0.0,3.7
2018-07-01,15.8,11.3,8.2,0.0,0.0,3.3
2018-07-02,14.4,9.2,6.8,0.0,0.0,3.0
2018-07-03,15.2,11.3,6.0,0.0,0.0,1.3
2018-07-04,16.3,14.3,11.2,0.0,0.0,4.4
2018-07-05,14.2,11.1,8.9,0.0,0.0,3.7
2018-07-06,10.1,6.4,4.5,0.0,0.0,2.2
2018-07-07,12.0,7.6,3.4,0.0,0.0,1.6
2018-07-08,11.1,8.3,7.1,0.0,0.0,4.1
2018-07-09,11.4,6.9,1.7,0.3,0.0,3.5
2018-07-10,17.5,13.6,9.0,0.0,0.0,3.8
2018-07-11,17.4,13.3,10.4,0.0,0.0,2.4
2018-07-12,14.2,12.1,10.6,2.2,0.0,3.0
2018-07-13,14.4,10.8,7.8,0.0,0.0,1.7
2018-07-14,12.7,9.3,6.2,0.0,0.0,3.1
2018-07-15,14.6,11.4,7.0,0.0,0.0,2.6
2018-07-16,14.1,11.8,8.6,0.0,0.0,3.9
2018-07-17,15.6,13.4,9.7,0.0,0.0,6.5
2018-07-18,14.3,9.4,6.1,9.0,0.0,5.2
2018-07-19,12.3,8.6,4.1,0.4,0.0,1.3
2018-07-20,11.0,8.7,6.5,0.0,0.0,2.6
2018-07-21,9.6,7.6,5.8,0.0,0.0,2.5
2018-07-22,10.5,7.8,5.3,0.2,0.0,3.9
2018-07-23,12.4,9.6,6.6,0.0,0.0,5.1
2018-07-24,12.3,10.4,8.3,0.0,0.0,6.8
2018-07-25,12.2,8.5,7.0,12.7,0.0,3.9
2018-07-26,15.2,11.6,6.3,0.0,0.0,4.5
2018-07-27,20.0,17.2,11.1,0.0,0.0,6.7
2018-07-28,20.4,14.9,13.4,0.0,0.0,8.5
2018-07-29,16.2,9.8,6.7,15.2,0.0,7.2
2018-07-30,13.3,11.5,8.3,1.7,0.0,11.5
2018-07-31,14.1,11.6,8.8,0.7,0.0,8.8
2018-08-01,11.1,8.5,6.2,24.1,0.0,5.5
2018-08-02,9.9,8.4,6.8,0.1,0.0,5.8
2018-08-03,11.2,9.0,6.9,1.3,0.0,3.4
2018-08-04,11.0,8.0,6.3,5.4,0.0,3.2
2018-08-05,6.6,4.6,4.0,2.5,0.0,4.1
2018-08-06,7.8,6.3,3.1,0.7,0.0,4.1
2018-08-07,12.0,10.0,7.2,1.9,0.0,6.5
2018-08-08,13.7,9.5,8.4,0.0,0.0,7.0
2018-08-09,10.3,6.8,4.9,16.9,0.0,4.3
2018-08-10,8.0,5.3,4.4,7.4,0.0,4.2
2018-08-11,5.3,4.1,3.0,28.4,0.0,1.8
2018-08-12,8.0,5.1,2.4,3.4,0.0,1.4
2018-08-13,10.3,7.6,3.8,0.0,0.0,3.2
2018-08-14,10.0,8.0,6.1,0.0,0.0,4.0
2018-08-15,9.7,8.1,5.9,0.0,0.0,6.3
2018-08-16,10.0,7.6,6.7,14.7,0.0,5.3
2018-08-17,7.2,4.8,3.0,31.9,0.0,4.6
2018-08-18,8.0,5.7,4.6,11.3,0.0,6.1
2018-08-19,5.7,4.7,4.0,33.3,0.0,3.5
2018-08-20,5.4,3.7,2.7,0.0,0.0,2.4
2018-08-21,6.9,4.8,2.0,0.1,0.0,3.3
2018-08-22,10.3,7.8,4.9,1.9,0.0,5.1
2018-08-23,7.2,4.9,3.0,60.1,0.0,3.8
2018-08-24,6.1,2.6,0.9,1.9,0.0,3.0
2018-08-25,3.6,2.3,0.7,3.9,0.0,2.3
2018-08-26,4.8,2.9,1.3,4.2,0.0,3.5
2018-08-27,7.2,5.6,2.8,4.1,0.0,11.0
2018-08-28,7.9,6.4,4.4,1.2,0.0,4.5
2018-08-29,8.5,5.9,5.0,0.1,0.0,5.8
2018-08-31,8.4,6.8,3.8,0.0,0.0,4.1
2018-09-01,7.6,6.0,4.7,0.0,0.0,4.4
2018-09-02,11.0,8.2,5.0,0.0,0.0,5.2
2018-09-03,10.8,7.7,5.8,0.0,0.0,3.7
2018-09-04,10.3,7.4,4.2,0.0,0.0,2.6
2018-09-05,10.3,8.1,5.1,0.0,0.0,4.1
2018-09-06,9.9,8.7,5.6,0.0,0.0,6.6
2018-09-07,9.9,8.7,7.9,1.2,0.0,6.7
2018-09-08,9.3,6.7,4.3,0.5,0.0,5.9
2018-09-09,7.8,5.7,3.6,8.4,0.0,8.1
2018-09-10,7.9,4.3,3.1,9.7,0.0,5.0
2018-09-11,5.4,3.8,2.9,18.4,0.0,6.7
2018-09-12,3.7,1.6,-0.1,53.4,0.0,6.5
2018-09-13,3.4,1.7,0.6,34.2,4.0,4.8
2018-09-14,4.1,1.5,0.3,40.9,8.0,5.1
2018-09-15,1.9,0.7,0.0,29.4,8.0,4.4
2018-09-16,6.4,3.1,0.5,8.2,9.0,7.5
2018-09-17,5.4,3.1,0.6,26.8,0.0,5.3
2018-09-18,12.1,9.3,3.8,8.5,0.0,7.1
2018-09-26,6.1,2.7,0.3,59.1,15.0,7.9
2018-09-27,2.0,0.3,-0.2,11.8,15.0,4.5
2018-09-28,-0.1,-2.2,-2.8,17.5,22.0,3.7
2018-09-29,1.8,0.7,-2.1,7.3,32.0,7.3
2018-09-30,2.3,-0.5,-1.1,59.2,44.0,5.3
2018-10-03,-1.2,-2.3,-2.9,20.4,101.0,3.4
2018-10-04,5.3,2.8,-3.5,3.6,93.0,5.7
2018-10-05,4.8,-1.0,-1.4,18.6,77.0,6.4
2018-10-06,-0.8,-2.1,-3.1,16.5,105.0,2.8
2018-10-07,0.5,-2.1,-6.0,3.7,107.0,5.5
2018-10-08,4.5,1.8,-1.4,9.7,76.0,6.1
2018-10-09,5.4,5.0,0.6,17.6,67.0,5.8
2018-10-10,9.9,7.2,4.8,19.5,53.0,6.0
2018-10-11,12.4,9.7,7.3,0.4,36.0,11.9
2018-10-12,9.9,7.9,6.6,0.0,13.0,12.3
2018-10-13,11.8,9.2,6.5,14.9,0.0,8.2
2018-10-14,12.3,7.0,3.7,17.8,0.0,5.3
2018-10-15,3.8,0.8,-0.9,9.7,0.0,0.9
2018-10-16,6.1,4.1,-1.3,0.0,0.0,6.0
2018-10-17,6.0,3.3,1.1,2.3,0.0,5.0
2018-10-18,1.2,-0.6,-1.2,12.1,2.0,3.8
2018-10-19,2.6,0.3,-2.1,1.5,3.0,3.3
2018-10-20,2.9,1.7,-0.5,4.9,5.0,4.7
2018-10-21,7.8,3.4,-0.8,5.2,0.0,4.9
2018-10-22,0.2,-1.5,-2.9,24.3,14.0,8.1
2018-10-23,1.2,-2.0,-4.1,42.9,71.0,6.4
2018-10-24,0.0,-2.7,-4.8,2.6,70.0,4.7
2018-10-25,1.8,-1.9,-3.2,8.3,73.0,4.1
2018-10-26,-2.6,-4.2,-6.3,0.9,75.0,5.0
2018-10-27,-4.2,-6.4,-7.6,0.0,62.0,4.3
2018-10-28,-4.4,-6.4,-9.4,0.0,60.0,4.7
2018-10-29,-4.7,-8.0,-9.8,0.0,60.0,10.7
2018-10-30,-0.2,-3.9,-7.7,0.0,58.0,13.9
2018-10-31,3.1,-0.1,-3.2,6.1,57.0,6.6
2018-11-01,2.3,0.7,-2.7,4.7,58.0,12.5
2018-11-02,2.5,-0.4,-2.5,11.4,61.0,4.2
2018-11-03,4.4,0.6,-3.6,4.2,68.0,8.0
2018-11-04,5.8,3.1,1.4,1.8,52.0,10.0
2018-11-05,6.2,3.6,1.2,0.0,50.0,6.9
2018-11-06,11.3,7.4,1.8,0.0,47.0,5.7
2018-11-07,11.6,8.6,4.7,0.0,37.0,9.5
2018-11-08,8.2,3.1,1.8,0.0,23.0,9.3
2018-11-09,5.4,2.0,0.4,3.1,17.0,7.0
2018-11-10,3.8,2.5,1.0,0.1,17.0,13.2
2018-11-11,4.0,3.0,2.1,12.1,14.0,8.0
2018-11-12,3.6,1.5,0.0,3.7,8.0,6.3
2018-11-13,1.8,0.8,-0.1,5.5,13.0,4.4
2018-11-16,4.9,3.9,2.0,0.0,0.0,4.6
2018-11-17,8.2,5.9,2.6,0.0,0.0,1.9
2018-11-19,5.1,2.2,-1.6,0.0,0.0,3.6
2018-11-20,5.0,2.8,0.9,0.0,0.0,7.4
2018-11-22,4.3,0.8,-1.6,0.0,0.0,1.0
2018-11-23,2.9,-2.3,-5.0,0.0,0.0,1.7
2018-11-24,1.7,-3.1,-6.8,0.0,0.0,4.9
2018-11-25,-0.8,-4.9,-7.0,0.1,0.0,1.0
2018-11-30,2.2,-0.5,-1.4,4.5,5.0,8.1
2018-12-02,1.4,-0.1,-3.5,8.0,34.0,9.2
2018-12-04,-2.7,-7.0,-8.1,9.4,31.0,5.2
2018-12-05,-4.3,-5.9,-9.5,0.7,48.0,3.8
2018-12-06,-0.4,-2.8,-5.9,1.9,45.0,7.3
2018-12-07,0.9,-0.3,-1.9,5.9,22.0,7.5
2018-12-09,-2.9,-4.9,-6.3,1.0,24.0,3.4
2018-12-10,-4.6,-5.3,-6.5,0.1,20.0,3.9
2018-12-11,-2.5,-4.3,-7.0,0.0,20.0,4.8
2018-12-12,-3.4,-6.3,-8.7,0.0,20.0,1.8
2018-12-13,-2.3,-6.9,-9.0,0.0,20.0,1.0
2018-12-14,-5.0,-7.5,-9.6,0.0,20.0,5.0
2018-12-15,-6.4,-7.2,-8.5,0.0,19.0,15.7
2018-12-18,0.7,-1.5,-6.4,0.0,0.0,9.1
2018-12-19,1.5,-3.0,-4.1,0.4,0.0,15.4
2018-12-20,-2.1,-3.4,-4.0,3.9,0.0,12.7
2018-12-21,-3.4,-5.9,-7.6,3.1,0.0,11.9
2018-12-22,-3.3,-5.1,-6.8,2.6,2.0,1.4
2018-12-23,-4.4,-5.9,-8.1,1.2,3.0,1.3
2018-12-24,-2.1,-4.4,-10.2,0.0,3.0,5.0
2018-12-25,-1.4,-2.3,-2.7,4.8,37.0,5.4
2018-12-26,2.3,0.7,-3.5,0.6,39.0,3.9
2018-12-27,1.6,-0.2,-0.9,5.7,32.0,4.4
2018-12-28,-0.4,-1.5,-3.6,4.7,41.0,4.1
2018-12-29,0.0,-3.0,-5.5,1.1,40.0,2.8
2018-12-30,-2.3,-3.7,-6.9,2.5,50.0,4.2
2018-12-31,1.7,0.3,-2.3,3.2,59.0,8.2
2019-01-01,1.8,-5.1,-7.0,33.6,66.0,8.8
2019-01-02,-5.9,-7.5,-8.2,2.4,64.0,2.7
2019-01-03,-2.2,-3.7,-7.3,0.0,64.0,2.2
2019-01-04,1.3,0.3,-3.9,0.3,66.0,5.0
2019-01-05,1.4,0.6,0.4,0.9,62.0,1.1
2019-01-06,0.5,-0.7,-1.0,1.1,61.0,2.5
2019-01-07,-0.7,-3.0,-6.7,1.0,64.0,5.1
2019-01-08,-1.0,-5.0,-6.2,3.5,68.0,5.1
2019-01-09,-5.7,-6.9,-8.0,0.0,66.0,2.6
2019-01-10,1.0,-1.2,-7.0,0.2,66.0,4.7
2019-01-11,0.7,-5.2,-7.1,1.6,68.0,4.6
2019-01-13,-1.3,-5.6,-9.5,5.1,106.0,6.3
2019-01-14,-8.5,-10.1,-12.0,3.3,113.0,5.9
2019-01-15,-3.4,-5.5,-10.3,1.7,114.0,6.7
2019-01-16,-1.4,-4.2,-5.5,6.2,131.0,4.9
2019-01-17,-5.6,-10.5,-13.2,5.8,116.0,2.5
2019-01-18,-5.7,-8.1,-13.2,0.1,123.0,5.4
2019-01-20,-4.3,-6.1,-9.3,1.4,136.0,5.1
2019-01-21,-4.5,-7.3,-9.7,2.6,145.0,3.3
2019-01-22,-5.0,-6.3,-9.1,0.0,124.0,12.0
2019-01-23,-4.6,-6.4,-8.0,2.0,93.0,9.3
2019-01-24,-5.3,-6.5,-7.6,0.2,91.0,5.8
2019-01-25,-5.7,-7.3,-8.5,0.0,91.0,12.0
2019-01-27,-7.8,-9.8,-11.3,3.0,68.0,14.7
2019-01-28,-7.3,-10.6,-13.3,2.0,68.0,1.4
2019-01-29,-6.2,-7.6,-10.2,0.2,70.0,6.8
2019-01-30,-5.7,-6.7,-7.6,0.6,69.0,13.7
2019-01-31,-7.1,-8.5,-9.6,0.1,68.0,13.4
2019-02-01,-7.3,-9.0,-10.5,4.0,69.0,12.2
2019-02-02,-6.8,-8.8,-11.7,2.6,68.0,5.3
2019-02-03,-6.4,-8.2,-12.2,0.0,68.0,3.4
2019-02-04,-1.9,-3.9,-9.5,0.9,68.0,7.8
2019-02-05,-1.5,-6.0,-8.4,1.1,72.0,3.1
2019-02-06,-2.0,-3.1,-7.9,0.1,68.0,7.9
2019-02-07,-1.1,-4.0,-5.2,4.5,75.0,8.0
2019-02-08,-2.5,-3.7,-5.7,5.9,68.0,8.7
2019-02-09,-0.6,-2.2,-3.6,3.6,68.0,9.8
2019-02-10,-1.4,-3.6,-6.8,0.9,70.0,3.5
2019-02-11,-5.2,-8.1,-9.4,3.5,75.0,4.5
2019-02-12,-1.0,-3.9,-9.0,0.9,95.0,6.7
2019-02-13,0.4,-1.0,-2.6,16.6,104.0,6.9
2019-02-14,2.3,1.1,0.1,0.0,100.0,5.8
2019-02-15,6.3,3.8,1.2,0.7,93.0,7.4
2019-02-16,4.1,0.1,-1.1,0.0,91.0,7.2
2019-02-17,5.0,1.4,-1.9,8.5,99.0,7.1
2019-02-18,4.3,-0.5,-1.5,0.4,97.0,8.5
2019-02-19,-1.0,-2.9,-4.2,6.8,118.0,5.8
2019-02-20,1.0,-2.2,-7.1,2.1,129.0,6.3
2019-02-21,1.4,0.5,-1.5,5.6,126.0,3.6
2019-02-22,5.9,3.2,-1.0,0.0,119.0,5.6
2019-02-23,6.3,4.8,3.0,0.0,111.0,6.5
2019-02-24,5.2,-0.5,-2.8,0.8,106.0,4.2
2019-02-25,2.9,1.6,-3.7,0.1,105.0,3.9
2019-02-26,6.0,4.1,1.5,0.2,104.0,5.0
2019-02-27,4.9,-0.6,-2.0,0.0,101.0,4.2
2019-02-28,0.0,-5.2,-8.7,1.4,108.0,1.7
2019-03-01,-3.5,-5.8,-8.9,0.0,106.0,4.2
2019-03-02,-1.6,-3.8,-8.6,0.0,105.0,5.5
2019-03-03,0.3,-1.4,-2.8,2.2,101.0,6.1
2019-03-04,-1.3,-2.4,-2.9,3.5,101.0,7.6
2019-03-05,-1.9,-3.1,-4.0,2.6,104.0,4.6
2019-03-08,-0.6,-7.2,-8.5,5.4,118.0,5.7
2019-03-09,-1.4,-5.0,-7.9,0.3,117.0,3.1
2019-03-10,-5.3,-10.6,-13.3,2.0,117.0,1.2
2019-03-11,-3.3,-8.5,-13.5,0.0,116.0,2.9
2019-03-12,-3.5,-4.6,-6.6,0.1,116.0,13.1
2019-03-13,0.2,-4.9,-7.4,6.1,101.0,1.8
2019-03-14,0.9,-3.9,-8.3,1.3,101.0,3.3
2019-03-15,-2.5,-3.8,-5.8,1.1,100.0,4.8
2019-03-17,-3.6,-6.1,-7.7,9.1,100.0,6.7
2019-03-18,-4.5,-6.2,-7.5,2.4,101.0,3.4
2019-03-19,-1.6,-4.7,-10.0,0.0,100.0,4.3
2019-03-20,-0.5,-1.9,-3.7,5.7,108.0,7.3
2019-03-21,2.2,-0.9,-3.1,33.3,111.0,6.1
2019-03-22,4.0,0.8,-5.1,11.1,115.0,8.8
2019-03-23,1.0,-4.5,-5.6,18.8,122.0,9.8
2019-03-25,-1.0,-4.5,-5.8,10.1,145.0,3.8
2019-03-26,-0.8,-3.2,-7.3,0.1,142.0,4.4
2019-03-27,1.0,-0.5,-2.9,3.3,148.0,3.6
2019-03-28,1.6,0.8,0.2,0.4,142.0,5.6
2019-03-29,1.1,-0.1,-0.5,1.6,135.0,8.7
2019-03-30,0.0,-3.8,-5.3,5.0,144.0,6.9
2019-03-31,-5.1,-8.3,-9.6,5.9,149.0,3.9
2019-04-01,-4.7,-6.2,-9.8,0.1,148.0,5.4
2019-04-02,-0.9,-3.7,-7.2,0.0,140.0,12.9
2019-04-03,3.2,0.4,-3.8,2.2,134.0,9.8
2019-04-04,6.3,3.8,1.0,1.0,134.0,11.4
2019-04-05,6.9,5.1,3.4,0.0,131.0,7.3
2019-04-06,5.8,3.5,0.6,0.1,126.0,4.0
2019-04-07,6.1,1.9,-1.2,0.0,124.0,2.7
2019-04-08,2.1,-2.9,-4.7,0.0,124.0,3.1
2019-04-09,-1.1,-4.6,-7.9,0.0,124.0,3.0
2019-04-10,-2.9,-5.4,-8.0,0.0,123.0,2.5
2019-04-11,-2.2,-5.1,-6.9,0.0,124.0,2.8
2019-04-12,1.7,-3.4,-8.9,0.0,123.0,2.5
2019-04-13,1.3,-1.6,-3.8,0.0,123.0,5.1
2019-04-14,1.4,-1.0,-3.0,0.0,122.0,8.7
2019-04-15,3.6,-0.1,-4.2,0.0,122.0,5.1
2019-04-16,1.0,-1.1,-2.0,0.0,122.0,9.9
2019-04-17,1.9,-0.3,-3.1,0.4,121.0,7.5
2019-04-18,9.3,3.7,0.1,0.0,120.0,2.7
2019-04-19,7.7,5.0,1.3,0.0,119.0,3.4
2019-04-20,6.1,4.6,1.4,0.0,118.0,5.3
2019-04-21,7.9,5.3,3.6,0.0,114.0,5.2
2019-04-22,9.2,7.3,4.4,0.0,109.0,7.8
2019-04-23,9.0,5.4,4.2,0.0,104.0,12.6
2019-04-24,6.2,4.1,2.1,0.0,97.0,12.6
2019-04-25,7.5,5.0,2.2,5.4,87.0,13.9
2019-04-26,8.7,6.1,4.1,1.5,70.0,10.2
2019-04-27,7.5,5.1,3.8,1.2,57.0,5.1
2019-04-28,6.6,5.7,3.8,1.1,50.0,8.3
2019-04-29,12.1,8.2,5.2,0.0,41.0,2.3
2019-05-03,-2.5,-5.7,-7.4,0.1,28.0,3.2
2019-05-04,-1.2,-4.4,-7.8,2.9,28.0,3.4
2019-05-05,-2.3,-4.5,-5.8,0.0,28.0,3.8
2019-05-06,-1.3,-4.2,-6.3,7.4,40.0,2.9
2019-05-07,-2.1,-5.9,-10.1,0.2,36.0,2.3
2019-05-08,-0.1,-4.1,-8.2,3.7,39.0,2.8
2019-05-09,1.0,-1.1,-4.0,0.2,35.0,8.0
2019-05-10,2.2,-0.2,-1.7,5.6,38.0,2.6
2019-05-11,0.8,-2.2,-3.2,13.1,50.0,2.8
2019-05-12,0.0,-3.5,-7.6,3.6,50.0,3.6
2019-05-13,4.0,-1.6,-5.6,1.6,50.0,1.6
2019-05-14,5.6,2.4,-2.9,0.2,45.0,2.1
2019-05-15,7.1,4.9,1.6,0.0,38.0,2.9
2019-05-16,8.6,7.1,4.5,0.0,31.0,4.2
2019-05-17,10.2,8.2,6.6,0.0,19.0,8.8
2019-05-18,9.8,5.7,4.1,0.0,5.0,8.2
2019-05-19,10.7,8.3,4.3,1.0,0.0,4.4
2019-05-20,11.5,8.9,7.2,0.0,0.0,4.1
2019-05-21,12.3,9.9,6.7,0.0,0.0,4.9
2019-05-22,11.3,6.2,3.7,1.5,0.0,2.8
2019-05-23,4.3,2.1,0.9,6.3,0.0,8.5
2019-05-24,6.5,3.1,0.4,4.0,0.0,2.7
2019-05-25,4.7,1.1,0.8,0.1,0.0,3.2
2019-05-26,2.8,0.1,-2.5,4.8,0.0,2.0
2019-05-27,2.6,0.5,-0.5,0.0,0.0,2.3
2019-05-28,0.2,-3.3,-4.4,1.1,0.0,2.9
2019-05-29,-1.4,-3.0,-5.4,7.8,0.0,4.9
2019-05-30,-0.1,-1.2,-2.1,7.1,0.0,5.5
2019-05-31,2.1,0.1,-2.7,7.5,0.0,4.2
2019-06-01,5.5,3.0,0.7,14.8,26.0,5.1
2019-06-02,8.3,5.5,0.5,4.7,12.0,7.6
2019-06-03,8.9,6.0,3.9,8.3,0.0,8.3
2019-06-04,4.9,4.1,3.1,1.7,0.0,5.2
2019-06-05,8.7,6.5,4.0,0.5,0.0,10.0
2019-06-06,13.6,11.1,6.3,6.1,0.0,9.8
2019-06-07,11.8,7.0,3.0,10.9,0.0,3.0
2019-06-08,9.6,6.8,5.6,0.0,0.0,7.7
2019-06-09,6.3,4.3,3.6,9.4,0.0,6.6
2019-06-10,4.6,2.8,0.3,21.1,0.0,3.2
2019-06-11,11.5,8.0,2.4,0.6,0.0,6.3
2019-06-12,10.2,6.5,4.2,6.5,0.0,9.8
2019-06-13,9.8,7.6,5.3,4.5,0.0,7.7
2019-06-14,9.5,6.9,5.3,1.1,0.0,7.4
2019-06-15,14.6,9.8,4.8,2.5,0.0,5.0
2019-06-16,13.4,7.2,5.6,3.0,0.0,5.5
2019-06-17,7.8,5.6,3.6,1.8,0.0,6.0
2019-06-18,6.6,5.1,4.2,4.8,0.0,3.7
2019-06-19,8.2,5.8,3.5,0.6,0.0,3.9
2019-06-20,7.9,5.6,4.5,1.3,0.0,3.7
2019-06-21,5.1,2.1,0.5,7.6,0.0,4.0
2019-06-22,2.8,1.6,0.3,24.0,0.0,3.9
2019-06-23,7.0,4.5,2.3,4.7,0.0,2.8
2019-06-24,9.5,7.7,3.5,0.0,0.0,6.5
2019-06-25,10.4,8.2,5.5,9.7,0.0,8.1
2019-06-26,9.5,6.1,4.6,3.5,0.0,3.2
2019-06-27,10.0,5.8,1.0,0.5,0.0,2.1
2019-06-28,12.5,9.2,4.3,0.0,0.0,2.3
2019-06-29,15.7,10.5,6.8,0.0,0.0,5.3
2019-06-30,15.8,9.1,6.2,0.0,0.0,6.3
2019-07-01,6.6,4.5,4.2,23.4,0.0,5.1
2019-07-02,4.2,-0.2,-1.2,7.2,0.0,4.7
2019-07-03,0.3,-0.5,-1.6,7.8,0.0,4.8
2019-07-06,9.3,5.0,2.0,0.0,0.0,1.9
2019-07-07,6.2,4.3,2.9,1.5,0.0,2.1
2019-07-09,9.7,7.2,4.3,0.0,0.0,1.4
2019-07-10,12.1,9.0,5.0,0.0,0.0,2.5
2019-07-11,14.7,11.3,7.6,0.2,0.0,2.1
2019-07-12,15.1,11.9,9.0,0.0,0.0,2.3
2019-07-13,15.2,12.1,8.7,0.1,0.0,1.7
2019-07-14,13.7,9.4,6.0,0.0,0.0,1.0
2019-07-16,13.3,9.1,5.1,0.0,0.0,1.8
2019-07-17,12.5,9.3,5.6,0.0,0.0,3.0
2019-07-18,11.5,8.9,7.1,0.2,0.0,7.4
2019-07-19,9.0,7.5,5.8,18.4,0.0,5.2
2019-07-20,9.5,8.8,6.5,0.0,0.0,8.8
2019-07-23,12.9,10.6,7.9,0.1,0.0,4.6
2019-07-24,19.1,14.4,8.9,0.0,0.0,6.5
2019-07-26,20.4,18.6,14.3,0.0,0.0,4.1
2019-07-27,20.0,17.1,14.6,0.0,0.0,7.1
2019-07-28,19.8,16.0,10.1,0.0,0.0,6.4
2019-07-29,18.4,14.1,10.0,4.8,0.0,5.2
2019-07-30,17.0,12.0,8.7,0.0,0.0,2.0
2019-07-31,11.0,8.3,7.3,14.7,0.0,4.6
2019-08-02,14.9,11.2,6.8,0.0,0.0,1.9
2019-08-03,13.6,10.9,7.6,0.0,0.0,3.0
2019-08-04,13.7,10.3,6.5,0.0,0.0,2.0
2019-08-06,10.5,7.9,6.0,0.0,0.0,3.4
2019-08-08,10.6,8.0,5.1,0.9,0.0,1.4
2019-08-09,12.6,9.9,5.2,0.4,0.0,5.2
2019-08-10,12.6,9.9,8.0,1.2,0.0,10.1
2019-08-11,11.3,9.1,7.2,0.7,0.0,6.0
2019-08-12,9.3,7.4,6.1,6.5,0.0,4.3
2019-08-13,6.1,3.5,2.6,1.2,0.0,3.5
2019-08-14,5.3,3.2,2.2,0.3,0.0,2.8
2019-08-15,10.0,6.7,1.0,0.3,0.0,7.3
2019-08-16,8.9,6.6,4.2,7.9,0.0,4.5
2019-08-17,10.0,7.4,5.3,0.6,0.0,8.0
2019-08-18,7.6,5.7,4.2,3.6,0.0,6.6
2019-08-19,6.8,5.5,4.4,8.0,0.0,5.8
2019-08-20,5.9,5.0,4.5,18.5,0.0,3.9
2019-08-21,5.9,4.3,2.8,11.9,0.0,3.0
2019-08-22,6.5,5.6,4.0,0.0,0.0,6.0
2019-08-23,8.6,7.0,4.7,21.6,0.0,4.6
2019-08-24,10.6,9.1,6.2,0.2,0.0,5.9
2019-08-25,12.9,10.4,8.5,0.0,0.0,5.7
2019-08-26,14.1,12.0,10.1,0.0,0.0,7.5
2019-08-27,16.4,14.9,10.6,0.0,0.0,7.3
2019-08-28,16.6,14.0,9.4,0.3,0.0,9.4
2019-08-29,13.1,7.3,5.8,14.2,0.0,4.3
2019-08-30,8.8,7.7,5.5,11.6,0.0,5.5
2019-08-31,11.7,9.3,7.6,27.3,0.0,8.1
2019-09-01,9.4,4.1,2.8,9.6,0.0,3.2
2019-09-02,3.9,2.0,0.4,7.7,0.0,4.1
2019-09-03,5.9,4.0,2.4,7.5,0.0,3.4
2019-09-04,8.0,5.6,2.5,1.6,0.0,5.6
2019-09-05,5.1,1.7,1.2,14.9,0.0,3.7
2019-09-06,5.1,2.8,-0.6,4.4,0.0,4.7
2019-09-07,7.0,4.4,2.7,0.4,0.0,2.0
2019-09-08,7.3,5.1,2.9,1.0,0.0,2.8
2019-09-10,9.7,6.9,4.7,0.3,0.0,2.2
2019-09-11,8.2,5.1,4.0,0.3,0.0,6.5
2019-09-12,4.6,3.6,3.0,31.3,0.0,5.9
2019-09-13,3.4,1.4,0.5,41.8,0.0,5.6
2019-09-14,3.9,2.6,0.6,14.1,0.0,6.4
2019-09-15,6.1,1.2,-0.3,82.5,0.0,8.1
2019-09-16,1.2,-0.5,-1.3,50.1,17.0,4.7
2019-09-17,0.1,-1.4,-2.8,11.1,33.0,2.9
2019-09-18,1.5,-0.5,-1.4,0.9,29.0,2.1
2019-09-19,1.1,-0.5,-4.0,0.6,24.0,3.0
2019-09-20,6.3,4.5,0.5,1.2,18.0,3.8
2019-09-21,11.0,7.9,5.1,0.0,11.0,1.9
2019-09-22,15.6,12.0,7.0,0.0,8.0,4.1
2019-09-23,13.8,8.4,5.8,0.0,0.0,1.7
2019-09-24,10.3,6.6,4.6,0.0,0.0,1.3
2019-09-25,8.3,6.2,4.0,0.0,0.0,4.5
2019-09-26,7.2,4.5,2.8,0.0,0.0,9.4
2019-09-27,6.8,5.5,3.9,5.8,0.0,6.7
2019-09-28,6.5,5.4,4.2,2.7,0.0,6.9
2019-09-29,7.5,4.3,3.0,0.0,0.0,1.3
2019-09-30,4.4,-1.1,-2.8,1.3,0.0,4.3
2019-10-01,-1.0,-1.7,-3.2,4.5,3.0,3.4
2019-10-02,5.2,1.6,-1.7,1.7,0.0,2.6
2019-10-03,3.4,0.8,-0.6,0.0,0.0,3.6
2019-10-04,0.1,-2.2,-3.0,0.9,0.0,7.3
2019-10-05,0.8,-2.5,-4.9,0.0,0.0,1.3
2019-10-06,2.8,-1.3,-4.7,0.0,0.0,1.3
2019-10-07,5.3,0.8,-2.5,0.0,0.0,5.1
2019-10-08,2.3,1.1,-1.1,2.0,0.0,6.7
2019-10-09,2.9,2.1,0.2,2.0,0.0,6.6
2019-10-10,2.8,1.6,1.0,1.2,0.0,6.3
2019-10-11,2.6,1.2,-0.5,16.8,0.0,5.0
2019-10-12,1.8,0.8,0.2,27.9,0.0,3.4
2019-10-13,1.9,1.0,-0.7,8.7,6.0,4.1
2019-10-14,2.5,1.6,-0.3,3.3,7.0,3.6
2019-10-15,2.8,2.2,0.5,0.0,4.0,10.0
2019-10-16,6.6,3.9,1.9,1.4,0.0,6.6
2019-10-17,5.4,3.3,2.5,0.0,0.0,8.1
2019-10-18,3.4,1.8,-0.2,1.1,0.0,7.1
2019-10-19,3.1,1.8,0.6,0.0,0.0,5.4
2019-10-20,3.4,0.7,-0.5,0.0,0.0,2.5
2019-10-21,0.8,-1.1,-2.2,0.0,0.0,4.9
2019-10-22,3.4,1.5,-1.5,2.1,0.0,5.9
2019-10-23,4.1,2.4,1.5,11.1,0.0,5.1
2019-10-24,6.1,3.7,1.1,0.0,0.0,6.9
2019-10-25,6.4,-2.0,-3.7,14.8,2.0,4.9
2019-10-26,-1.6,-2.6,-3.8,9.3,27.0,4.7
2019-10-27,2.0,-2.7,-5.1,6.1,30.0,2.1
2019-10-28,-1.1,-3.9,-6.9,1.0,31.0,1.7
2019-10-29,-2.1,-5.5,-7.4,0.0,29.0,1.4
2019-10-30,-2.4,-2.8,-7.2,0.0,28.0,2.8
2019-10-31,-1.1,-2.2,-3.0,2.6,32.0,3.4
2019-11-01,0.1,-2.9,-7.7,1.5,34.0,3.3
2019-11-02,2.4,-0.4,-3.6,0.0,29.0,11.2
2019-11-03,0.0,-2.7,-4.9,0.0,0.0,10.9
2019-11-04,2.2,-0.5,-3.7,0.0,0.0,5.5
2019-11-05,1.1,-3.3,-4.1,0.0,0.0,1.1
2019-11-06,-2.6,-3.9,-6.9,0.0,0.0,2.5
2019-11-07,-3.3,-4.7,-5.7,0.7,0.0,1.2
2019-11-08,-4.4,-7.1,-9.2,0.1,0.0,1.7
2019-11-09,-5.7,-7.3,-8.0,0.0,0.0,5.1
2019-11-10,-5.9,-8.7,-11.4,0.0,0.0,1.9
2019-11-11,-3.9,-6.8,-10.6,0.0,0.0,6.2
2019-11-12,-1.7,-2.9,-6.0,0.0,0.0,8.8
2019-11-13,-1.3,-2.5,-3.4,0.9,0.0,7.2
2019-11-14,-1.2,-2.6,-4.2,0.0,0.0,6.5
2019-11-15,1.0,-1.3,-4.0,0.0,0.0,4.2
2019-11-16,1.0,-1.5,-3.4,0.1,0.0,6.3
2019-11-17,0.6,-1.4,-4.0,0.6,0.0,1.3
2019-11-18,1.7,-2.3,-4.2,0.0,0.0,1.2
2019-11-19,-1.4,-5.5,-8.7,4.7,5.0,1.1
2019-11-20,0.6,-2.3,-8.8,0.0,4.0,4.5
2019-11-21,2.7,-0.3,-1.4,0.2,0.0,8.9
2019-11-22,2.3,0.2,-1.7,0.3,0.0,10.8
2019-11-23,2.1,1.2,-1.2,1.7,0.0,9.5
2019-11-24,4.4,3.1,0.4,0.0,0.0,10.1
2019-11-25,4.1,0.9,-0.3,0.0,0.0,1.8
2019-11-26,0.4,-0.6,-1.6,2.3,2.0,1.5
2019-11-27,1.2,-0.3,-2.0,0.5,0.0,4.2
2019-11-28,1.2,-4.2,-6.6,3.6,5.0,3.3
2019-11-29,-6.3,-7.2,-9.6,0.2,0.0,2.9
2019-11-30,-6.4,-7.0,-7.9,0.3,0.0,2.5
2019-12-02,-5.2,-6.4,-7.3,1.5,8.0,2.8
2019-12-03,1.0,0.0,-6.7,1.8,30.0,5.5
2019-12-04,5.3,1.4,-0.8,2.2,19.0,6.6
2019-12-05,-0.2,-1.6,-3.0,23.5,36.0,8.6
2019-12-06,-0.8,-1.8,-3.3,63.1,106.0,4.6
2019-12-07,-0.9,-5.8,-7.2,5.5,111.0,4.8
2019-12-18,-3.2,-3.9,-4.8,0.4,99.0,3.6
2019-12-19,2.6,-0.3,-5.0,2.5,91.0,11.5
2019-12-20,4.6,2.7,1.2,4.8,86.0,13.1
2019-12-21,3.8,-0.1,-1.0,5.9,82.0,7.9
2019-12-22,0.7,-0.6,-1.8,0.2,81.0,9.3
2019-12-23,0.3,-1.0,-1.4,0.0,81.0,7.6
2019-12-24,-0.8,-2.2,-3.1,0.2,81.0,4.3
2019-12-25,-2.4,-3.9,-4.2,1.9,85.0,2.0
2019-12-26,-2.7,-4.1,-7.6,1.6,88.0,1.8
2019-12-27,-2.2,-5.9,-8.9,0.0,87.0,3.7
2019-12-28,1.7,-1.0,-5.8,0.7,80.0,7.4
2019-12-29,4.3,1.6,-0.1,12.6,82.0,7.6
2019-12-30,2.1,-0.9,-2.2,83.9,88.0,7.8
2019-12-31,-1.6,-3.9,-6.2,14.1,115.0,5.3
2020-01-01,-1.0,-2.2,-3.4,1.2,112.0,8.7
2020-01-02,0.6,-0.6,-1.7,0.0,110.0,7.9
2020-01-07,2.4,-0.3,-2.6,6.6,159.0,8.8
2020-01-08,3.7,-2.8,-4.6,78.8,142.0,10.0
2020-01-09,-3.2,-4.9,-8.1,34.8,160.0,3.8
2020-01-10,-1.1,-3.8,-7.6,0.5,159.0,3.7
2020-01-11,1.3,-0.9,-4.1,6.3,138.0,10.1
2020-01-12,-0.3,-4.0,-5.2,40.4,180.0,7.9
2020-01-13,-3.2,-4.0,-5.1,28.8,200.0,9.8
2020-01-14,-1.3,-2.9,-4.5,18.3,180.0,10.2
2020-01-15,-1.0,-3.1,-4.3,13.6,183.0,8.0
2020-01-16,-0.9,-2.7,-3.9,16.8,186.0,15.2
2020-01-23,0.0,-0.5,-4.4,0.6,203.0,7.4
2020-01-24,-0.1,-3.5,-4.7,9.8,215.0,7.6
2020-01-25,-0.2,-2.1,-4.5,2.0,213.0,7.0
2020-01-26,-1.0,-1.9,-2.5,0.8,215.0,6.4
2020-01-27,-1.1,-3.3,-4.0,1.6,217.0,6.7
2020-01-28,-3.5,-4.8,-6.6,1.2,214.0,9.8
2020-01-29,-2.9,-4.5,-5.3,0.0,213.0,3.9
2020-01-30,-1.5,-4.0,-6.4,3.0,220.0,8.4
2020-01-31,-0.2,-1.7,-3.5,1.0,215.0,7.8
2020-02-01,0.8,-2.1,-6.5,16.4,222.0,5.7
2020-02-02,-5.0,-6.7,-6.9,13.0,234.0,4.5
2020-02-03,-2.9,-5.8,-11.5,0.6,236.0,8.1
2020-02-04,-3.1,-6.3,-10.1,2.3,225.0,2.6
2020-02-05,-0.5,-2.9,-10.0,0.5,220.0,7.4
2020-02-06,0.0,-0.7,-1.8,2.0,220.0,3.5
2020-02-07,6.4,2.9,-2.5,0.0,220.0,7.7
2020-02-08,3.7,-0.9,-2.4,0.0,219.0,11.0
2020-02-09,0.4,-1.7,-4.5,0.4,220.0,13.6
2020-02-10,-0.2,-4.4,-5.7,11.1,232.0,7.7
2020-02-11,-4.2,-4.8,-5.8,12.5,280.0,7.6
2020-02-12,-4.0,-6.5,-7.9,10.7,301.0,5.9
2020-02-13,-5.5,-6.6,-8.3,3.1,331.0,3.9
2020-02-14,-3.0,-5.2,-7.7,0.4,326.0,7.7
2020-02-15,-0.8,-2.1,-4.9,6.6,331.0,11.4
2020-02-16,0.3,-2.9,-4.5,8.4,318.0,10.5
2020-02-17,-1.2,-2.4,-4.3,14.0,318.0,10.6
2020-02-18,-1.9,-3.8,-4.6,41.0,318.0,7.5
2020-02-19,-3.9,-5.2,-7.4,13.0,318.0,5.0
2020-02-20,-0.3,-3.3,-7.3,1.4,318.0,9.3
2020-02-21,-0.3,-2.9,-5.8,8.9,283.0,10.3
2020-02-27,-6.8,-7.9,-9.4,1.2,319.0,8.9
2020-02-28,-5.2,-5.9,-8.1,1.1,320.0,5.2
2020-04-17,1.0,-4.4,-9.0,0.0,352.0,1.4
2020-04-18,4.9,-0.9,-5.9,0.0,350.0,1.5
2020-04-19,7.4,2.6,-2.2,0.0,347.0,1.5
2020-04-20,10.0,5.4,0.3,0.0,345.0,3.8
2020-04-21,10.1,6.1,2.2,0.0,340.0,2.9
2020-04-22,8.1,5.1,2.0,0.0,335.0,3.2
2020-04-23,7.7,2.5,-0.6,0.0,332.0,1.4
2020-04-24,4.3,0.0,-2.7,0.0,328.0,1.5
2020-04-25,7.9,0.7,-3.9,0.0,327.0,1.8
2020-04-26,6.8,-0.2,-3.4,0.0,324.0,2.1
2020-04-27,2.4,-1.4,-2.3,3.4,327.0,2.7
2020-04-28,-0.3,-2.3,-3.7,1.2,322.0,5.4
2020-04-29,-0.7,-2.3,-3.8,0.0,318.0,5.3
2020-04-30,-2.2,-3.3,-4.7,0.0,315.0,15.3
2020-05-01,5.9,-0.2,-3.7,5.6,312.0,3.4
2020-05-02,0.6,-0.9,-1.4,1.5,313.0,3.1
2020-05-03,-0.3,-2.5,-3.1,2.1,318.0,2.7
2020-05-04,-0.2,-3.9,-6.6,2.5,323.0,2.2
2020-05-05,0.0,-3.4,-7.4,0.2,342.0,3.9
2020-05-06,0.4,-1.3,-4.8,0.3,342.0,4.2
2020-05-07,1.9,-1.4,-4.4,0.7,343.0,4.3
2020-05-08,-0.3,-1.8,-2.6,0.4,342.0,4.2
2020-05-09,-0.4,-2.3,-4.5,2.5,344.0,3.1
2020-05-10,-2.0,-6.0,-6.3,8.7,355.0,3.3
2020-05-11,-2.8,-5.7,-10.2,2.0,354.0,3.3
2020-05-12,-2.8,-6.1,-8.5,4.1,353.0,3.5
2020-05-13,-2.2,-6.6,-11.2,0.0,352.0,2.2
2020-05-14,0.0,-3.9,-9.8,2.2,351.0,3.6
2020-05-15,-2.7,-4.4,-5.2,2.5,350.0,6.2
2020-05-16,-3.8,-4.9,-6.7,2.1,350.0,8.4
2020-05-17,-1.9,-3.2,-4.8,2.6,349.0,5.8
2020-05-18,5.0,-1.2,-6.1,3.6,349.0,1.3
2020-05-19,2.5,-0.8,-2.6,0.4,347.0,1.8
2020-05-20,6.7,1.2,-4.9,0.0,345.0,2.2
2020-05-21,7.3,5.3,2.0,0.0,341.0,4.8
2020-05-22,7.1,4.7,3.6,0.0,331.0,12.0
2020-05-23,4.3,2.1,1.2,27.7,309.0,8.5
2020-05-24,5.9,2.3,0.6,2.9,307.0,3.5
2020-05-25,8.9,4.2,0.9,0.7,303.0,1.8
2020-05-26,7.1,3.2,1.9,0.0,298.0,4.4
2020-05-27,2.4,0.6,0.1,0.5,294.0,4.1
2020-05-28,7.5,1.7,-2.4,3.2,293.0,1.1
2020-05-29,11.7,6.8,-0.4,0.0,289.0,1.7
2020-05-30,15.1,10.8,6.7,0.0,281.0,3.7
2020-05-31,11.7,9.6,6.5,0.0,267.0,4.7
2020-06-01,14.9,8.1,5.2,0.0,256.0,3.7
2020-06-02,12.4,6.6,3.9,0.0,249.0,1.5
2020-06-03,10.8,7.0,4.2,0.0,246.0,4.2
2020-06-04,8.2,4.4,2.9,0.0,237.0,7.4
2020-06-05,5.2,4.0,2.3,8.2,229.0,8.7
2020-06-06,7.1,3.1,0.3,0.7,222.0,2.0
2020-06-07,4.9,3.0,1.7,2.7,220.0,2.9
2020-06-08,10.7,4.5,0.3,1.1,218.0,2.1
2020-06-09,9.5,5.8,3.6,0.0,156.0,2.7
2020-06-10,9.7,5.9,3.2,0.0,152.0,3.2
2020-06-11,13.4,10.4,6.6,0.0,146.0,4.7
2020-06-12,12.8,10.5,8.0,0.0,136.0,10.0
2020-06-13,13.3,11.3,9.4,0.0,38.0,12.0
2020-06-14,15.2,11.5,9.0,0.0,16.0,3.9
2020-06-15,14.9,11.4,6.9,0.0,8.0,1.5
2020-06-16,17.0,14.4,9.8,0.0,0.0,4.2
2020-06-19,16.4,14.0,11.9,0.0,0.0,5.2
2020-06-20,15.5,12.1,10.3,0.6,0.0,9.9
2020-06-21,12.9,9.4,6.5,1.9,0.0,8.2
2020-06-22,9.2,6.9,4.9,3.0,0.0,4.8
2020-06-23,11.7,9.5,4.8,0.3,0.0,5.8
2020-06-24,16.1,12.4,8.8,0.0,0.0,6.4
2020-06-25,15.9,12.8,7.7,0.0,0.0,2.6
2020-06-26,17.0,13.8,9.3,0.0,0.0,5.4
2020-06-27,16.3,13.6,8.9,0.0,0.0,9.4
2020-06-28,15.7,8.6,5.6,0.3,0.0,8.5
2020-06-29,7.4,5.9,4.8,2.2,0.0,7.2
2020-06-30,8.7,6.0,4.4,0.4,0.0,3.2
2020-07-01,6.3,3.0,1.4,2.7,0.0,4.1
2020-07-02,2.6,0.4,-0.2,13.1,0.0,3.6
2020-07-03,2.5,0.9,-0.5,23.6,0.0,3.2
2020-07-04,8.8,4.5,0.6,6.9,0.0,2.6
2020-07-05,8.1,4.8,3.4,1.2,0.0,7.3
2020-07-06,4.4,2.3,1.5,33.4,0.0,4.7
2020-07-07,2.4,0.6,-0.5,7.6,0.0,3.0
2020-07-08,4.1,1.6,0.1,5.1,0.0,2.3
2020-07-09,7.3,3.3,0.5,2.9,0.0,1.4
2020-07-10,7.2,3.9,0.7,0.0,0.0,1.9
2020-07-11,4.5,2.0,0.6,0.9,0.0,2.8
2020-07-12,5.6,3.4,0.8,2.4,0.0,3.7
2020-07-13,7.1,5.0,2.8,0.1,0.0,4.7
2020-07-14,8.3,5.9,4.9,0.1,0.0,2.5
2020-07-15,10.1,7.1,4.3,1.3,0.0,1.4
2020-07-16,9.5,7.5,4.8,0.0,0.0,4.5
2020-07-17,9.2,7.3,6.1,0.0,0.0,5.0
2020-07-18,8.8,6.9,5.6,10.6,0.0,5.0
2020-07-19,6.9,4.5,3.8,8.6,0.0,3.2
2020-07-20,5.0,3.1,2.0,1.7,0.0,2.1
2020-07-21,4.2,2.3,1.4,7.2,0.0,2.3
2020-07-22,5.3,2.8,0.8,3.2,0.0,2.0
2020-07-23,8.8,5.4,1.1,1.4,0.0,1.3
2020-07-24,9.7,6.7,3.7,0.0,0.0,3.0
2020-07-25,10.3,7.5,2.4,0.0,0.0,4.9
2020-07-26,10.1,8.3,6.6,1.6,0.0,7.5
2020-07-27,8.3,6.8,4.8,15.6,0.0,7.4
2020-07-28,10.0,7.3,6.1,2.3,0.0,8.4
2020-07-29,7.5,5.8,4.0,12.1,0.0,3.6
2020-07-30,8.3,6.1,4.3,3.2,0.0,2.9
2020-07-31,14.4,10.8,4.3,6.3,0.0,5.7
2020-08-01,16.8,13.8,10.3,0.0,0.0,8.5
2020-08-02,14.3,7.4,3.9,1.4,0.0,5.4
2020-08-03,5.2,4.0,3.4,2.9,0.0,3.4
2020-08-04,5.9,4.2,2.6,2.7,0.0,4.7
2020-08-05,9.3,7.4,4.5,5.1,0.0,8.6
2020-08-06,13.0,10.5,6.9,19.2,0.0,6.5
2020-08-07,13.2,10.8,7.6,0.0,0.0,8.0
2020-08-08,13.9,8.9,6.7,0.0,0.0,5.3
2020-08-09,14.4,10.4,4.1,3.4,0.0,2.4
2020-08-10,13.6,12.1,10.1,0.0,0.0,5.1
2020-08-11,16.2,12.2,8.4,0.0,0.0,1.9
2020-08-12,18.0,13.6,8.8,0.1,0.0,2.3
2020-08-13,15.1,12.3,11.0,0.0,0.0,5.7
2020-08-14,13.4,10.0,6.4,0.0,0.0,2.3
2020-08-15,18.5,14.4,7.3,0.0,0.0,1.5
2020-08-16,18.1,14.4,11.1,0.0,0.0,1.6
2020-08-17,16.4,12.9,9.3,0.0,0.0,3.6
2020-08-18,15.9,13.1,10.4,0.0,0.0,4.3
2020-08-19,14.4,10.0,7.2,0.3,0.0,3.9
2020-08-20,13.0,11.2,7.8,0.2,0.0,8.4
2020-08-21,12.5,10.2,8.3,0.0,0.0,9.8
2020-08-22,10.0,7.7,6.3,13.8,0.0,6.2
2020-08-23,7.1,4.4,2.6,58.6,0.0,3.8
2020-08-24,2.6,1.2,0.1,24.1,0.0,3.2
2020-08-25,5.4,3.1,0.5,1.6,0.0,3.4
2020-08-26,8.9,6.2,3.5,0.0,0.0,3.5
2020-08-27,6.8,5.0,2.5,0.0,0.0,2.3
2020-08-28,8.1,6.7,4.2,0.0,0.0,4.4
2020-08-29,9.5,6.7,5.7,0.2,0.0,4.9
2020-08-30,8.3,5.1,2.6,0.0,0.0,1.9
2020-08-31,7.8,5.8,3.1,0.1,0.0,2.7
2020-09-01,8.9,7.0,4.7,0.0,0.0,6.3
2020-09-02,9.3,6.6,4.7,0.0,0.0,6.5
2020-09-03,8.1,6.3,4.7,0.0,0.0,11.7
2020-09-04,7.9,4.1,3.2,11.5,0.0,5.1
2020-09-05,3.8,1.9,0.8,32.2,0.0,4.2
2020-09-06,3.9,2.6,1.1,38.6,0.0,3.0
2020-09-07,5.3,3.9,2.4,2.2,0.0,5.4
2020-09-08,7.2,4.1,3.1,13.6,0.0,6.1
2020-09-09,5.2,2.7,0.8,31.6,0.0,4.2
2020-09-10,1.4,0.1,-1.5,10.9,0.0,3.8
2020-09-11,4.7,3.3,0.4,0.3,0.0,5.8
2020-09-12,4.8,1.8,0.4,24.3,0.0,5.9
2020-09-13,5.5,3.7,-0.1,22.0,0.0,3.8
2020-09-14,9.1,8.3,4.9,12.9,0.0,4.7
2020-09-15,10.6,7.6,5.3,6.5,0.0,3.8
2020-09-16,9.6,4.3,1.6,4.2,0.0,3.6
2020-09-17,6.5,4.7,1.1,0.0,0.0,4.7
2020-09-18,6.7,5.1,3.4,0.0,0.0,4.5
2020-09-19,9.0,5.6,3.1,0.2,0.0,1.9
2020-09-20,7.2,6.1,3.9,0.0,0.0,3.1
2020-09-21,7.7,5.3,3.6,0.0,0.0,5.4
2020-09-22,7.7,5.4,2.9,0.1,0.0,5.2
2020-09-23,8.3,5.0,3.0,5.0,0.0,3.3
2020-09-24,7.2,4.4,2.3,10.4,0.0,6.7
2020-09-25,4.6,2.2,-0.3,22.6,0.0,5.6
2020-09-26,5.2,4.1,1.6,0.0,0.0,8.0
2020-09-27,13.6,11.3,4.3,0.0,0.0,8.6
2020-09-28,13.6,11.4,8.8,0.0,0.0,8.6
2020-09-29,12.8,7.6,5.4,0.0,0.0,6.8
2020-09-30,7.7,6.4,4.6,3.7,0.0,9.2
2020-10-01,8.2,6.0,3.9,0.0,0.0,12.5
2020-10-02,6.7,5.9,3.8,0.0,0.0,10.6
2020-10-03,7.2,6.2,5.4,0.0,0.0,11.7
2020-10-04,8.6,6.8,6.1,0.0,0.0,8.8
2020-10-05,7.0,5.6,4.5,1.8,0.0,6.4
2020-10-06,6.2,5.0,4.2,0.0,0.0,6.3
2020-10-07,6.1,4.6,3.2,0.0,0.0,3.4
2020-10-08,4.8,2.2,1.7,5.4,0.0,3.7
2020-10-09,2.7,0.0,-1.0,1.8,0.0,4.4
2020-10-10,1.9,0.8,-1.1,4.8,0.0,4.0
2020-10-11,4.2,1.3,-0.3,0.0,0.0,1.6
2020-10-12,1.8,0.3,-1.4,0.0,0.0,2.8
2020-10-13,2.3,1.4,0.2,0.0,0.0,7.3
2020-10-14,5.1,2.7,-1.0,1.1,0.0,2.4
2020-10-15,9.8,5.8,2.2,0.0,0.0,1.6
2020-10-16,9.4,5.4,2.0,0.0,0.0,2.0
2020-10-17,3.4,-0.6,-2.0,1.1,0.0,3.0
2020-10-18,-1.9,-4.2,-4.9,0.0,0.0,1.8
2020-10-19,-0.7,-2.9,-6.0,0.0,0.0,4.0
2020-10-20,2.1,1.0,-2.7,5.9,0.0,8.9
2020-10-21,5.3,4.1,1.3,9.0,0.0,4.2
2020-10-22,5.3,2.6,2.0,4.4,0.0,2.2
2020-10-23,2.1,-1.0,-2.7,1.5,0.0,4.8
2020-10-24,3.0,1.1,-0.7,1.0,0.0,8.5
2020-10-25,5.7,1.9,0.0,20.4,0.0,7.1
2020-10-26,1.9,1.1,0.0,4.5,0.0,7.9
2020-10-27,2.3,1.4,0.7,0.1,0.0,6.9
2020-10-28,1.6,0.1,-0.6,0.8,0.0,8.9
2020-10-29,0.8,-0.2,-1.0,27.1,65.0,3.6
2020-10-30,4.6,2.2,-1.5,1.2,56.0,9.8
2020-10-31,6.9,2.1,-2.5,11.4,39.0,10.8
2020-11-01,4.8,1.8,0.5,6.9,22.0,10.1
2020-11-02,4.4,0.8,-0.1,13.3,18.0,6.4
2020-11-03,0.0,-1.2,-2.0,24.4,41.0,4.9
2020-11-04,-1.3,-1.8,-2.6,10.5,63.0,5.4
2020-11-05,3.8,2.9,-2.6,7.5,53.0,6.8
2020-11-06,5.8,2.7,0.7,0.6,32.0,4.7
2020-11-07,6.8,1.6,0.1,0.0,28.0,2.9
2020-11-08,4.3,1.5,-1.9,0.0,26.0,2.4
2020-11-09,9.1,6.5,2.7,0.0,25.0,6.5
2020-11-10,7.8,5.2,3.3,0.0,20.0,2.8
2020-11-11,6.5,4.0,2.8,0.5,16.0,7.8
2020-11-12,3.9,2.3,1.6,0.0,6.0,12.8
2020-11-13,3.5,1.2,0.6,0.0,3.0,11.6
2020-11-14,1.2,0.4,-1.0,3.8,9.0,7.1
2020-11-15,5.4,4.2,0.3,2.9,0.0,11.9
2020-11-16,5.6,0.6,-0.5,14.3,0.0,6.9
2020-11-17,4.7,1.7,-1.4,15.5,8.0,5.9
2020-11-18,5.3,4.0,2.8,26.2,0.0,6.5
2020-11-19,4.2,-6.0,-8.9,87.2,0.0,5.9
2020-11-20,-3.9,-6.8,-10.6,4.4,13.0,4.4
2020-11-21,1.4,-1.1,-5.3,26.5,36.0,9.0
2020-11-22,-1.3,-2.6,-3.9,46.3,80.0,7.8
2020-11-23,-1.7,-2.8,-4.0,11.7,114.0,5.9
2020-11-24,1.3,0.4,-1.7,17.2,122.0,5.8
2020-11-25,2.9,0.0,-2.4,28.2,108.0,5.5
2020-11-26,-1.6,-4.9,-8.2,24.2,115.0,1.6
2020-11-27,-3.0,-5.5,-8.7,0.4,112.0,1.5
2020-11-28,-0.6,-1.8,-6.0,0.0,110.0,4.7
2020-11-29,-0.8,-1.8,-2.8,0.7,108.0,4.0
2020-11-30,-0.1,-1.3,-2.1,2.9,108.0,5.0
2020-12-01,-0.6,-2.9,-5.3,4.1,110.0,4.2
2020-12-02,-0.5,-2.0,-5.2,0.0,109.0,8.6
2020-12-03,-1.0,-3.2,-3.8,4.9,95.0,13.5
2020-12-04,-3.7,-5.4,-6.5,3.6,71.0,11.5
2020-12-05,-1.2,-2.9,-5.5,0.0,95.0,5.9
2020-12-06,-0.1,-2.1,-3.7,0.1,80.0,8.4
2020-12-07,1.0,-0.6,-2.9,4.0,93.0,12.8
2020-12-08,2.9,-1.4,-2.3,0.3,93.0,10.4
2020-12-09,-1.4,-3.1,-5.3,2.5,93.0,9.7
2020-12-10,-1.7,-2.8,-3.5,0.0,93.0,11.7
2020-12-11,-2.9,-4.5,-5.7,0.5,93.0,15.2
2020-12-12,-3.4,-4.4,-5.5,0.0,93.0,11.2
2020-12-13,-1.8,-2.9,-3.9,0.0,93.0,9.1
2020-12-14,-0.9,-1.7,-2.7,0.0,92.0,16.6
2021-01-16,-2.5,-6.0,-11.1,0.0,123.0,9.9
2021-01-17,-3.6,-4.5,-7.3,0.0,72.0,7.7
2021-01-18,-2.7,-4.6,-5.8,1.0,72.0,7.6
2021-01-19,-4.3,-5.5,-6.7,0.1,72.0,9.7
2021-01-20,-2.0,-4.4,-6.3,0.0,72.0,13.7
2021-01-21,1.9,-1.7,-3.7,6.7,71.0,12.8
2021-01-22,-1.8,-3.3,-4.3,4.8,70.0,6.5
2021-01-23,-3.8,-6.0,-7.4,14.5,70.0,6.6
2021-01-24,-6.7,-9.2,-11.7,0.6,70.0,1.3
2021-01-25,-4.8,-8.6,-11.8,0.0,93.0,1.4
2021-01-26,-5.9,-8.6,-12.3,0.0,98.0,1.7
2021-01-27,-7.4,-11.0,-13.4,1.2,101.0,1.6
2021-01-28,-7.7,-10.2,-14.1,0.0,100.0,2.3
2021-01-29,-8.9,-10.9,-13.8,0.4,103.0,3.3
2021-01-30,-6.7,-8.5,-11.6,0.2,103.0,1.6
2021-01-31,-7.9,-9.0,-10.8,0.5,104.0,3.3
2021-02-01,-7.2,-11.1,-13.6,1.0,104.0,1.0
2021-02-02,-7.7,-10.8,-14.9,0.0,103.0,1.8
2021-02-03,-9.0,-10.8,-13.9,0.0,100.0,7.0
2021-02-04,-9.3,-14.4,-16.6,0.0,94.0,2.5
2021-02-05,-12.2,-13.7,-15.4,0.1,71.0,12.5
2021-02-06,-10.7,-12.7,-15.1,0.9,71.0,9.2
2021-02-07,-10.2,-13.5,-15.2,0.0,71.0,10.7
2021-02-08,-12.7,-14.0,-16.4,0.0,70.0,8.4
2021-02-09,-11.6,-13.7,-16.0,0.1,70.0,8.4
2021-02-10,-7.0,-10.9,-12.8,0.2,70.0,3.2
2021-02-11,-10.9,-13.7,-18.0,0.0,70.0,8.4
2021-02-12,-7.2,-11.8,-14.0,0.0,69.0,2.4
2021-02-13,-8.8,-11.3,-14.0,0.0,69.0,3.0
2021-02-14,-4.7,-6.8,-12.9,0.0,69.0,9.6
2021-02-15,-3.1,-4.6,-6.3,0.1,69.0,8.6
2021-02-16,1.5,-2.1,-5.1,0.2,69.0,9.7
2021-02-17,-1.4,-4.8,-7.0,0.4,69.0,11.4
2021-02-18,-0.7,-3.2,-5.8,0.2,69.0,15.0
2021-02-19,-0.6,-2.2,-3.8,1.7,55.0,8.6
2021-02-20,3.5,1.7,-3.0,3.8,76.0,8.5
2021-02-21,3.6,1.4,-0.1,4.6,61.0,6.9
2021-02-22,5.1,2.3,-0.7,0.1,60.0,7.2
2021-02-23,3.3,-0.4,-3.7,8.8,69.0,8.9
2021-02-24,1.8,0.8,-0.2,27.1,68.0,7.1
2021-02-25,0.9,-0.8,-2.6,21.3,83.0,6.2
2021-02-26,-0.7,-1.9,-2.7,21.7,111.0,4.6
2021-02-27,-0.3,-0.8,-1.7,0.2,108.0,4.4
2021-02-28,0.8,-2.2,-4.0,0.3,105.0,2.8
2021-03-01,-0.4,-1.7,-4.8,0.0,105.0,4.8
2021-03-02,1.0,-2.4,-3.9,1.3,108.0,2.2
2021-03-03,-0.2,-4.6,-7.2,0.0,107.0,2.7
2021-03-04,-3.0,-8.1,-10.3,0.5,106.0,2.9
2021-03-05,-4.6,-6.8,-9.9,0.0,53.0,2.6
2021-03-06,-2.7,-4.2,-5.5,1.0,54.0,7.0
2021-03-07,-3.0,-8.5,-9.7,3.3,65.0,3.1
2021-03-08,-6.7,-8.1,-10.0,0.0,61.0,4.3
2021-03-09,-2.0,-5.8,-11.2,0.0,61.0,5.5
2021-03-10,-3.4,-5.9,-7.4,0.0,61.0,19.9
2021-03-11,-0.6,-3.1,-5.8,5.1,59.0,13.2
2021-03-12,-2.7,-4.2,-4.8,13.2,90.0,6.1
2021-03-13,-3.3,-4.7,-6.1,13.2,107.0,7.0
2021-03-14,-1.6,-3.6,-5.7,0.0,101.0,5.9
2021-03-15,0.0,-4.4,-7.7,1.6,99.0,2.4
2021-03-16,-0.4,-7.1,-9.1,1.4,99.0,1.2
2021-03-17,1.1,-4.7,-12.1,0.0,98.0,1.5
2021-03-18,1.9,-2.1,-6.1,0.0,97.0,1.8
2021-03-19,-0.5,-2.7,-4.7,0.0,96.0,4.6
2021-03-20,-1.1,-2.4,-3.8,0.0,94.0,4.5
2021-03-21,-1.2,-5.7,-7.2,3.2,96.0,4.8
2021-03-22,-0.1,-1.7,-5.2,0.8,98.0,4.4
2021-03-23,1.7,-0.4,-1.2,1.7,98.0,4.6
2021-03-24,0.0,-2.7,-3.2,4.9,95.0,6.2
2021-03-25,-2.5,-2.9,-4.0,8.9,99.0,6.9
2021-03-26,0.5,-0.9,-3.3,4.2,95.0,8.7
2021-03-27,0.0,-3.9,-4.8,5.8,116.0,5.1
2021-03-28,-0.6,-2.5,-5.3,1.2,103.0,7.3
2021-03-29,3.3,0.7,-3.2,17.9,112.0,6.5
2021-03-30,3.0,2.5,-1.7,43.4,104.0,5.4
2021-03-31,2.7,-0.9,-3.5,28.9,108.0,2.0
2021-04-01,4.0,-3.7,-7.4,0.1,104.0,2.2
2021-04-02,-2.0,-4.5,-5.2,0.4,106.0,3.9
2021-04-03,1.0,-4.3,-9.6,0.2,105.0,2.2
2021-04-04,-0.9,-4.2,-5.6,0.0,105.0,8.2
2021-04-05,-5.4,-9.1,-12.8,22.7,128.0,6.1
2021-04-06,-6.1,-7.4,-9.1,2.2,129.0,3.8
2021-04-07,-4.5,-6.5,-7.6,1.4,131.0,4.0
2021-04-08,-2.6,-6.6,-9.9,2.0,132.0,6.6
2021-04-09,-2.3,-6.6,-8.4,18.1,164.0,6.8
2021-04-10,-5.7,-7.4,-8.8,6.8,187.0,4.1
2021-04-11,-5.0,-7.6,-12.3,4.9,195.0,4.3
2021-04-12,-2.5,-5.5,-6.8,0.0,177.0,3.6
2021-04-13,-4.1,-6.6,-9.0,0.0,174.0,2.6
2021-04-14,-1.5,-5.5,-9.9,0.4,173.0,2.3
2021-04-15,-0.1,-3.1,-6.8,0.5,167.0,3.2
2021-04-16,0.2,-1.7,-5.5,0.0,74.0,5.8
2021-04-17,3.2,1.4,-3.6,0.0,73.0,6.8
2021-04-18,9.3,5.8,2.0,0.0,72.0,4.7
2021-04-19,6.7,5.2,2.2,0.0,70.0,5.0
2021-04-20,5.5,1.4,-1.0,0.0,49.0,5.9
2021-04-21,-0.8,-4.8,-5.5,12.0,101.0,5.3
2021-04-22,-3.5,-5.2,-6.5,1.0,98.0,4.7
2021-04-23,-3.0,-5.0,-6.1,0.0,95.0,4.4
2021-04-24,-3.0,-5.8,-8.6,0.0,91.0,2.4
2021-04-25,-0.2,-5.5,-10.6,0.1,89.0,1.4
2021-04-26,0.8,-4.0,-9.3,0.0,88.0,2.0
2021-04-27,2.7,-2.5,-4.7,0.0,86.0,1.9
2021-04-28,1.5,-2.8,-5.8,0.0,83.0,3.2
2021-04-29,2.9,-1.7,-5.2,0.0,82.0,2.9
2021-04-30,1.9,-2.4,-6.7,0.0,79.0,2.9
2021-05-01,4.1,-2.1,-6.1,0.0,76.0,2.2
2021-05-02,1.0,-2.0,-4.5,0.0,74.0,3.9
2021-05-03,-1.4,-3.9,-5.1,2.6,79.0,3.4
2021-05-04,-0.9,-2.6,-6.7,1.5,74.0,9.6
2021-05-05,-1.3,-2.6,-3.9,0.0,72.0,7.8
2021-05-06,4.0,-2.7,-4.5,0.0,71.0,2.1
2021-05-07,2.0,-2.5,-5.8,0.9,74.0,2.0
2021-05-08,0.0,-3.1,-8.3,7.4,83.0,3.7
2021-05-09,3.8,1.4,-2.9,1.4,74.0,10.8
2021-05-10,7.4,4.8,2.9,0.9,63.0,8.4
2021-05-11,6.9,4.2,2.8,1.0,43.0,6.9
2021-05-12,7.3,4.4,2.2,0.0,38.0,3.9
2021-05-13,10.0,6.3,1.4,0.0,35.0,2.2
2021-05-14,9.3,7.9,5.2,0.0,24.0,7.3
2021-05-15,9.3,5.0,3.8,1.0,7.0,6.6
2021-05-16,5.3,2.7,1.5,0.2,0.0,2.6
2021-05-17,6.5,3.2,0.8,0.7,0.0,2.5
2021-05-18,2.4,-0.3,-1.5,2.5,0.0,2.9
2021-05-19,5.5,1.3,-1.4,0.0,0.0,1.7
2021-05-20,2.4,0.0,-0.7,6.2,0.0,2.2
2021-05-21,5.0,2.2,-2.1,0.0,0.0,4.7
2021-05-22,4.8,3.1,1.3,0.0,0.0,6.2
2021-05-23,5.7,3.9,1.4,0.3,0.0,3.7
2021-05-24,4.7,2.5,1.1,0.9,0.0,7.4
2021-05-25,4.3,3.4,1.9,4.4,0.0,9.3
2021-05-26,6.5,4.2,2.2,0.0,0.0,8.0
2021-05-27,9.1,6.0,4.0,0.0,0.0,2.9
2021-05-28,11.7,8.1,3.3,0.0,0.0,2.0
2021-05-29,12.0,8.8,6.3,0.0,0.0,2.3
2021-05-30,14.8,10.7,5.9,0.0,0.0,2.3
2021-05-31,13.3,10.8,6.5,0.0,0.0,2.1
2021-06-01,15.1,12.4,8.7,0.0,0.0,2.2
2021-06-02,13.4,9.2,7.2,0.0,0.0,5.6
2021-06-03,10.0,8.6,7.0,0.0,0.0,10.2
2021-06-04,10.9,9.3,7.4,0.0,0.0,9.0
2021-06-05,12.4,9.7,5.9,0.0,0.0,2.9
2021-06-06,11.7,7.1,5.7,1.5,0.0,3.9
2021-06-07,11.1,8.3,4.3,0.0,0.0,2.2
2021-06-08,11.1,7.7,4.1,0.0,0.0,2.9
2021-06-09,9.3,7.4,5.7,0.0,0.0,4.2
2021-06-10,9.2,8.0,5.6,1.5,0.0,5.6
2021-06-11,9.3,7.2,6.1,0.0,0.0,5.7
2021-06-12,6.1,1.7,0.6,31.2,0.0,4.6
2021-06-13,6.3,3.6,0.3,8.9,0.0,4.1
2021-06-14,8.2,3.9,1.7,21.8,0.0,4.7
2021-06-15,3.1,1.6,0.6,33.3,0.0,4.2
2021-06-16,9.1,6.0,1.7,0.5,0.0,6.0
2021-06-17,11.6,9.1,7.0,0.0,0.0,7.5
2021-06-18,9.9,6.2,2.8,2.0,0.0,2.8
2021-06-19,10.5,7.3,5.5,0.6,0.0,3.8
2021-06-20,11.2,6.9,4.6,1.3,0.0,3.1
2021-06-21,6.3,4.6,3.8,6.6,0.0,2.4
2021-06-22,11.5,7.4,3.7,0.0,0.0,1.8
2021-06-23,10.1,7.7,4.5,0.0,0.0,2.8
2021-06-24,11.1,8.3,5.5,0.0,0.0,2.8
2021-06-25,12.8,9.5,6.2,0.8,0.0,1.8
2021-06-26,12.0,9.1,6.6,0.0,0.0,3.2
2021-06-27,11.4,8.4,4.6,0.0,0.0,2.2
2021-06-28,13.9,9.4,4.5,0.0,0.0,1.6
2021-06-29,15.0,10.9,5.3,0.0,0.0,1.5
2021-06-30,15.8,12.1,9.3,0.0,0.0,3.9
2021-07-01,15.8,13.1,10.0,0.0,0.0,3.6
2021-07-02,17.9,13.6,10.5,0.0,0.0,5.1
2021-07-03,16.2,13.1,10.4,0.0,0.0,4.4
2021-07-04,15.1,12.9,9.9,0.0,0.0,5.4
2021-07-05,13.9,11.4,9.2,2.9,0.0,7.2
2021-07-06,12.1,9.6,7.2,3.7,0.0,7.8
2021-07-07,10.5,8.1,6.1,0.4,0.0,7.4
2021-07-08,9.4,7.8,6.1,0.0,0.0,6.9
2021-07-09,9.9,8.3,5.5,7.3,0.0,4.8
2021-07-10,14.0,9.9,6.7,0.2,0.0,3.2
2021-07-11,8.6,6.4,5.6,0.2,0.0,2.7
2021-07-12,13.5,10.6,5.0,0.0,0.0,2.0
2021-07-13,15.8,12.3,8.8,0.0,0.0,2.6
2021-07-14,14.0,11.7,8.7,0.6,0.0,3.6
2021-07-15,12.9,9.3,6.6,5.7,0.0,3.0
2021-07-16,12.7,9.9,7.0,0.0,0.0,2.7
2021-07-17,9.6,6.9,5.7,0.0,0.0,5.7
2021-07-18,6.8,4.3,3.5,1.7,0.0,2.8
2021-07-19,9.6,5.5,2.3,0.0,0.0,2.7
2021-07-20,9.3,6.7,3.6,0.1,0.0,2.1
2021-07-21,12.3,9.0,4.6,0.0,0.0,2.1
2021-07-22,14.5,11.3,6.2,0.0,0.0,1.7
2021-07-23,16.7,14.4,9.7,0.0,0.0,4.0
2021-07-24,16.9,13.8,9.8,0.0,0.0,2.3
2021-07-25,17.1,14.7,9.8,0.0,0.0,4.8
2021-07-26,15.8,13.5,10.5,0.0,0.0,7.3
2021-07-27,14.5,12.1,9.8,1.0,0.0,5.6
2021-07-28,13.7,10.6,8.4,0.0,0.0,4.7
2021-07-29,11.2,9.1,7.2,2.4,0.0,2.5
2021-07-30,12.7,9.3,6.7,1.1,0.0,2.5
2021-07-31,10.0,6.8,4.7,0.0,0.0,1.8
2021-08-01,10.8,7.2,4.6,0.4,0.0,1.8
2021-08-02,10.7,5.8,4.8,0.0,0.0,3.3
2021-08-03,8.2,5.9,3.7,0.0,0.0,2.2
2021-08-04,9.0,6.5,3.0,0.0,0.0,2.9
2021-08-05,11.0,8.1,5.7,0.0,0.0,4.6
2021-08-06,12.4,9.6,5.5,0.3,0.0,8.5
2021-08-07,10.9,8.6,7.4,0.0,0.0,7.7
2021-08-08,11.5,9.2,5.8,0.2,0.0,3.3
2021-08-09,11.6,9.4,7.3,0.0,0.0,6.9
2021-08-10,10.3,7.6,5.6,2.7,0.0,3.4
2021-08-11,10.8,8.3,4.8,0.0,0.0,2.9
2021-08-12,11.1,8.9,5.6,0.0,0.0,6.0
2021-08-13,9.2,6.3,5.0,0.0,0.0,4.4
2021-08-14,6.3,5.5,4.3,2.9,0.0,3.4
2021-08-15,6.2,4.6,3.9,5.8,0.0,3.4
2021-08-16,10.6,7.3,3.3,0.8,0.0,2.5
2021-08-17,12.6,8.0,5.5,0.0,0.0,2.0
2021-08-18,7.8,4.5,3.7,0.0,0.0,3.0
2021-08-19,6.5,4.3,3.1,0.1,0.0,2.9
2021-08-20,6.1,4.1,2.7,1.6,0.0,1.8
2021-08-21,9.4,6.2,2.5,0.0,0.0,1.3
2021-08-22,10.6,7.6,5.2,0.0,0.0,2.2
2021-08-23,11.7,7.9,4.3,0.0,0.0,1.1
2021-08-24,11.6,9.0,6.3,0.0,0.0,2.5
2021-08-25,9.3,7.6,5.9,0.1,0.0,4.0
2021-08-26,12.3,8.1,5.5,0.0,0.0,4.3
2021-08-27,11.8,8.2,5.9,0.0,0.0,6.4
2021-08-28,12.8,9.6,6.9,0.0,0.0,2.0
2021-08-29,13.7,11.5,8.0,0.0,0.0,1.8
2021-08-30,14.3,10.8,8.1,0.0,0.0,3.2
2021-08-31,15.0,11.2,7.5,0.0,0.0,1.1
2021-09-01,13.1,10.2,7.2,0.0,0.0,2.1
2021-09-02,11.8,7.8,5.7,0.0,0.0,2.0
2021-09-03,7.6,4.9,3.4,0.1,0.0,2.0
2021-09-04,7.2,5.9,3.3,0.0,0.0,3.6
2021-09-05,8.3,6.4,4.7,0.0,0.0,3.5
2021-09-06,7.1,5.7,3.7,0.0,0.0,4.0
2021-09-07,9.9,8.6,6.4,0.0,0.0,4.1
2021-09-08,10.4,8.7,6.7,0.8,0.0,4.3
2021-09-09,12.1,9.9,7.0,0.0,0.0,4.2
2021-09-10,11.3,10.2,7.1,0.0,0.0,5.4
2021-09-11,12.0,9.1,8.0,1.0,0.0,5.1
2021-09-12,9.2,7.8,6.0,18.8,0.0,1.6
2021-09-13,8.0,5.8,3.8,0.0,0.0,2.4
2021-09-14,9.2,6.7,3.4,0.0,0.0,3.8
2021-09-15,9.5,7.8,5.6,0.0,0.0,6.1
2021-09-16,8.3,6.3,5.0,0.1,0.0,4.3
2021-09-17,7.4,5.0,3.8,0.0,0.0,4.1
2021-09-18,7.0,5.3,2.9,0.0,0.0,5.2
2021-09-19,8.0,6.4,5.5,0.0,0.0,2.6
2021-09-20,5.5,3.6,2.5,1.0,0.0,2.3
2021-09-21,4.9,3.7,2.6,10.3,0.0,5.1
2021-09-22,7.9,5.9,3.5,0.8,0.0,4.8
2021-09-23,6.6,0.9,-0.7,27.2,0.0,4.1
2021-09-24,6.4,2.7,-0.5,16.2,3.0,6.1
2021-09-25,5.9,3.0,0.7,25.4,0.0,4.3
2021-09-26,12.1,9.7,3.6,0.0,0.0,9.0
2021-09-27,10.4,8.2,7.0,0.0,0.0,10.2
2021-09-28,9.7,4.6,2.8,16.8,0.0,6.2
2021-09-29,6.1,5.1,4.4,0.0,0.0,9.1
2021-09-30,6.0,5.0,3.4,6.6,0.0,6.4
2021-10-01,7.5,4.4,1.8,7.2,0.0,9.8
2021-10-02,5.8,2.8,1.8,12.0,0.0,7.3
2021-10-03,6.8,4.6,2.7,8.1,0.0,8.8
2021-10-04,4.6,3.4,1.9,16.3,0.0,6.6
2021-10-05,5.7,4.2,1.8,24.7,0.0,6.4
2021-10-06,5.8,4.0,2.5,0.0,0.0,4.8
2021-10-07,7.1,4.9,2.6,2.2,0.0,5.1
2021-10-08,9.0,8.3,6.8,13.1,0.0,6.1
2021-10-09,10.2,7.5,5.4,2.3,0.0,4.7
2021-10-10,6.8,2.9,0.0,1.2,0.0,4.6
2021-10-11,0.9,-1.4,-3.0,22.8,9.0,3.6
2021-10-12,2.8,-1.4,-3.0,2.9,8.0,1.5
2021-10-13,2.5,-0.4,-5.2,0.7,9.0,4.2
2021-10-14,4.6,2.7,2.3,14.8,0.0,6.7
2021-10-15,2.7,-1.8,-3.1,47.0,2.0,4.6
2021-10-16,-0.7,-1.8,-2.6,14.7,26.0,4.6
2021-10-17,-1.6,-4.3,-6.0,1.3,24.0,1.4
2021-10-18,5.2,-0.5,-7.1,0.0,22.0,3.9
2021-10-19,6.4,4.9,2.1,4.0,10.0,6.9
2021-10-20,6.7,3.5,1.3,22.4,0.0,5.9
2021-10-21,2.3,-3.9,-4.8,26.2,10.0,5.2
2021-10-22,-2.6,-4.0,-5.6,8.0,61.0,4.4
2021-10-23,-1.6,-2.7,-5.6,3.3,66.0,4.1
2021-10-24,2.8,2.2,-1.6,0.1,58.0,8.1
2021-10-25,4.1,2.4,1.4,8.7,40.0,5.4
2021-10-26,1.8,0.4,-0.9,24.1,46.0,5.9
2021-10-27,5.4,4.0,1.3,36.0,34.0,4.9
2021-10-28,7.7,5.9,4.1,9.9,21.0,6.3
2021-10-29,8.0,5.3,4.1,15.0,0.0,9.2
2021-10-30,6.1,3.2,1.3,2.4,0.0,8.1
2021-10-31,4.9,2.0,0.7,13.2,0.0,7.9
2021-11-01,3.6,2.2,1.2,7.1,0.0,11.1
2021-11-02,2.3,1.4,0.5,2.1,0.0,7.2
2021-11-04,1.8,-2.1,-4.0,0.0,0.0,1.3
2021-11-05,-0.6,-1.4,-3.4,0.8,0.0,4.6
2021-11-06,1.2,-0.5,-2.3,10.7,16.0,6.8
2021-11-07,2.4,-0.1,-2.2,6.1,23.0,2.7
2021-11-08,0.4,0.0,-1.9,1.3,26.0,3.7
2021-11-09,2.9,1.5,-0.2,19.1,25.0,6.0
2021-11-10,1.2,-0.8,-1.8,7.4,25.0,6.7
2021-11-11,0.1,-1.8,-2.7,21.6,60.0,6.0
2021-11-12,3.8,-0.4,-5.7,11.6,60.0,8.5
2021-11-13,2.2,-0.3,-3.1,0.1,21.0,5.3
2021-11-14,4.6,1.0,-3.2,0.0,21.0,4.7
2021-11-15,2.4,0.6,-3.5,0.0,21.0,7.2
2021-11-16,2.4,1.7,1.1,4.3,21.0,7.2
2021-11-17,2.4,-2.2,-3.6,10.6,37.0,4.7
2021-11-18,3.1,-0.1,-3.8,13.8,111.0,6.3
2021-11-19,4.3,0.9,-1.8,24.9,49.0,7.5
2021-11-20,-1.4,-2.3,-2.7,13.9,71.0,3.4
2021-11-21,-2.5,-6.0,-8.1,10.6,81.0,2.2
2021-11-22,-0.4,-2.7,-8.2,0.9,82.0,5.0
2021-11-23,0.1,-0.7,-1.9,3.2,90.0,5.2
2021-11-24,0.4,-1.4,-3.2,6.6,91.0,5.9
2021-11-25,-2.9,-6.2,-8.0,22.4,125.0,3.1
2021-11-26,-4.9,-6.8,-9.3,0.1,114.0,9.2
2021-11-27,-4.5,-7.7,-9.5,1.0,86.0,1.3
2021-11-28,-7.9,-9.6,-12.2,0.0,86.0,4.4
2021-12-08,-7.1,-8.4,-10.7,0.0,80.0,16.2
2021-12-09,-4.8,-6.4,-8.4,0.0,80.0,15.9
2021-12-10,-3.9,-5.8,-7.0,0.0,80.0,10.2
2021-12-11,-2.3,-4.4,-7.5,0.0,79.0,5.9
2021-12-13,2.8,-0.5,-2.7,3.7,81.0,7.5
2021-12-14,-0.8,-2.1,-4.0,5.8,95.0,6.8
2021-12-15,2.1,0.8,-0.9,30.6,104.0,7.7
2021-12-16,-0.4,-1.4,-2.0,8.9,114.0,5.8
2021-12-17,3.3,1.9,-2.2,16.1,112.0,3.3
2021-12-18,3.3,0.3,-0.8,0.0,108.0,4.7
2021-12-19,0.2,-4.5,-7.4,0.0,109.0,4.7
2021-12-20,-1.6,-5.4,-7.3,0.0,108.0,3.3
2021-12-21,-5.1,-6.0,-8.4,0.0,108.0,2.5
2021-12-22,-3.8,-4.5,-5.7,0.0,108.0,3.7
2021-12-24,-6.5,-11.4,-14.1,0.4,109.0,3.0
2021-12-25,-8.4,-9.8,-12.5,0.0,110.0,1.2
2021-12-26,-5.5,-7.6,-11.1,0.0,110.0,3.5
2021-12-27,-2.7,-4.6,-9.5,0.0,108.0,11.8
2021-12-28,-1.9,-4.4,-7.1,1.0,108.0,2.9
2021-12-29,1.2,-3.0,-6.2,0.0,108.0,5.7
2021-12-30,1.5,0.3,-2.7,16.2,111.0,8.1
2021-12-31,1.4,0.0,-0.5,17.4,126.0,5.1
2022-01-01,4.5,0.4,-4.5,0.0,132.0,6.8
2022-01-02,2.6,-0.5,-1.8,14.1,133.0,6.3
2022-01-03,-0.5,-3.6,-8.0,3.1,133.0,6.7
2022-01-04,-5.2,-5.8,-7.8,20.1,144.0,7.7
2022-01-05,-4.8,-7.6,-8.9,3.7,168.0,3.3
2022-01-06,-7.2,-8.7,-12.5,0.0,166.0,5.1
2022-01-07,-2.8,-4.7,-7.8,2.8,132.0,10.6
2022-01-08,-4.3,-5.8,-6.4,0.7,132.0,6.7
2022-01-09,-5.3,-7.1,-8.0,0.0,132.0,13.8
2022-01-10,-1.3,-4.2,-7.5,0.0,132.0,12.4
2022-01-11,-1.4,-2.9,-4.4,3.5,132.0,7.6
2022-01-12,1.2,-0.3,-3.9,0.0,132.0,8.1
2022-01-13,1.5,0.7,0.1,13.3,143.0,9.9
2022-01-14,1.9,-6.2,-7.1,12.3,144.0,6.1
2022-01-15,-1.3,-3.7,-7.4,1.1,144.0,4.7
2022-01-16,-1.8,-4.3,-6.2,21.2,148.0,8.5
2022-01-17,-2.2,-6.8,-9.2,0.0,146.0,6.0
2022-01-18,0.0,-0.9,-5.4,20.5,146.0,5.8
2022-01-19,0.1,-5.5,-10.6,3.3,161.0,8.1
2022-01-20,-9.6,-10.3,-12.5,0.0,175.0,7.4
2022-01-21,-0.7,-2.6,-9.7,25.0,174.0,3.6
2023-05-26,1.3,-0.2,-1.3,4.1,23.0,4.4
2023-05-27,3.4,1.5,-0.6,1.9,22.0,6.1
2023-05-28,2.9,-1.3,-2.1,23.6,20.0,4.2
2023-05-29,1.6,-0.1,-3.1,1.2,20.0,3.7
2023-05-30,9.9,4.8,0.8,1.9,19.0,2.3
2023-05-31,8.3,2.2,0.9,0.0,13.0,2.5
2023-06-01,5.5,2.1,-0.8,0.0,9.0,2.6
2023-06-02,6.6,3.9,0.6,0.0,4.0,2.4
2023-06-03,7.9,5.1,1.3,0.0,0.0,1.5
2023-06-04,9.8,6.9,3.3,0.0,0.0,2.5
2023-06-05,9.5,6.3,3.8,0.0,0.0,2.2
2023-06-06,8.7,4.9,1.1,0.0,0.0,1.7
2023-06-07,8.6,6.0,3.6,0.0,0.0,2.1
2023-06-08,10.8,8.2,2.7,0.0,0.0,2.5
2023-06-09,11.0,9.4,8.1,0.0,0.0,5.3
2023-06-10,11.1,9.3,6.2,0.0,0.0,5.9
2023-06-11,12.2,10.2,7.9,0.0,0.0,6.0
2023-06-12,11.9,9.9,8.2,0.0,0.0,5.2
2023-06-13,14.3,10.2,7.2,0.0,0.0,2.1
2023-06-14,14.7,11.7,8.5,0.0,0.0,2.2
2023-06-15,17.3,13.8,9.2,0.0,0.0,1.9
2023-06-16,17.2,13.7,8.8,3.2,0.0,3.0
2023-06-18,16.5,13.6,10.1,0.0,0.0,4.7
2023-06-19,13.3,9.8,7.2,0.0,0.0,5.9
2023-06-20,14.3,11.8,8.4,0.0,0.0,5.4
2023-06-21,14.0,10.1,6.9,0.0,0.0,7.1
2023-06-22,9.0,6.0,5.0,5.3,0.0,4.2
2023-06-23,10.7,7.0,3.8,1.4,0.0,2.0
2023-06-24,11.9,9.2,4.8,0.0,0.0,2.8
2023-06-25,15.8,12.5,7.3,0.0,0.0,3.2
2023-06-26,15.5,10.9,6.9,0.0,0.0,8.0
2023-06-27,9.5,7.2,5.8,3.7,0.0,1.8
2023-06-28,11.9,10.2,6.4,1.4,0.0,6.5
2023-06-29,10.7,7.6,5.9,0.8,0.0,2.7
2023-06-30,8.4,5.4,3.2,5.5,0.0,3.0
2023-07-01,10.7,7.9,4.5,0.0,0.0,4.0
2023-07-02,8.9,5.4,4.1,0.4,0.0,3.0
2023-07-03,6.9,5.2,3.3,7.6,0.0,3.8
2023-07-04,6.5,4.6,3.5,9.6,0.0,2.8
2023-07-05,10.6,5.9,2.0,0.0,0.0,2.2
2023-07-09,16.8,13.5,9.0,0.0,0.0,2.9
2023-07-10,16.0,10.1,5.9,0.0,0.0,6.8
2023-07-11,9.6,7.9,4.7,1.9,0.0,8.1
2023-07-12,9.5,7.0,5.8,7.6,0.0,6.2
2023-07-13,7.1,5.7,4.9,1.0,0.0,4.9
2023-07-14,9.2,6.0,3.3,5.3,0.0,2.5
2023-07-15,10.6,8.6,7.0,0.0,0.0,9.2
2023-07-16,10.2,7.1,5.7,6.1,0.0,7.8
2023-07-17,7.6,5.4,3.6,20.6,0.0,5.1
2023-07-18,4.2,3.3,2.9,15.6,0.0,3.7
2023-07-19,3.4,2.5,1.4,17.3,0.0,4.1
2023-07-21,7.3,4.4,2.5,4.2,0.0,1.7
2023-07-22,8.1,5.3,3.8,0.0,0.0,1.4
2023-07-24,9.4,7.6,5.6,0.1,0.0,3.6
2023-07-25,7.1,5.6,4.9,3.0,0.0,3.2
2023-07-26,11.2,7.3,4.6,2.7,0.0,3.0
2023-07-27,10.3,7.2,5.0,5.1,0.0,2.3
2023-07-28,11.2,8.2,4.9,0.5,0.0,2.1
2023-07-29,11.8,8.9,5.8,0.0,0.0,2.6
2023-07-30,10.3,7.1,5.2,2.0,0.0,2.5
2023-07-31,11.0,8.0,4.7,7.6,0.0,1.5
2023-08-01,11.5,9.0,6.6,1.1,0.0,2.5
2023-08-02,12.4,8.6,5.0,0.6,0.0,1.5
2023-08-03,12.0,9.0,5.4,0.4,0.0,1.8
2023-08-04,10.1,7.4,5.7,0.3,0.0,2.7
2023-08-05,7.7,5.6,3.6,0.0,0.0,1.7
2023-08-06,9.9,7.8,5.5,0.0,0.0,2.6
2023-08-07,8.6,6.6,5.9,1.8,0.0,2.8
2023-08-08,6.1,4.1,3.7,12.8,0.0,3.3
2023-08-09,4.0,3.1,2.3,19.0,0.0,4.0
2023-08-10,3.7,2.8,2.3,6.4,0.0,3.2
2023-08-11,10.3,7.1,1.4,0.0,0.0,3.6
2023-08-12,10.7,8.6,7.2,1.3,0.0,5.4
2023-08-13,10.2,8.5,6.3,0.7,0.0,6.3
2023-08-14,9.1,7.5,6.1,3.9,0.0,5.1
2023-08-15,10.9,8.9,7.0,3.8,0.0,6.0
2023-08-16,9.9,7.1,5.9,5.6,0.0,2.5
2023-08-17,12.8,10.6,5.6,0.1,0.0,4.9
2023-08-18,13.0,10.6,8.6,0.0,0.0,6.8
2023-08-19,11.9,10.7,7.8,0.0,0.0,11.0
2023-08-20,13.1,9.9,8.2,4.6,0.0,5.9
2023-08-21,9.4,8.0,6.8,2.9,0.0,3.8
2023-08-22,9.3,8.2,7.0,0.0,0.0,5.0
2023-08-23,9.0,6.6,4.8,4.0,0.0,4.0
2023-08-28,6.4,5.2,4.4,13.5,0.0,3.0
2023-08-29,7.6,5.1,3.1,0.4,0.0,3.3
2023-08-30,10.3,7.3,4.3,0.0,0.0,4.3
2023-08-31,10.0,7.6,4.7,0.0,0.0,2.4
2023-09-01,10.4,6.7,4.3,0.1,0.0,1.7
2023-09-02,6.9,4.6,2.4,0.0,0.0,1.7
2023-09-04,10.6,8.8,8.0,2.3,0.0,5.3
2023-09-05,10.5,7.8,6.2,0.0,0.0,3.7
2023-09-06,14.8,11.3,5.1,0.1,0.0,3.2
2023-09-07,14.9,12.8,9.9,0.0,0.0,5.9
2023-09-08,15.8,12.6,9.9,0.0,0.0,4.7
2023-09-09,15.4,11.9,9.1,0.0,0.0,5.3
2023-09-10,12.7,10.5,9.6,1.3,0.0,4.4
2023-09-11,12.3,10.0,8.8,14.7,0.0,5.8
2023-09-12,8.7,3.5,3.1,21.3,0.0,3.3
2023-09-13,4.3,2.1,-0.1,2.4,0.0,1.9
2023-09-14,5.6,4.3,1.7,0.0,0.0,6.4
2023-09-15,5.9,4.5,4.0,2.6,0.0,3.0
2023-09-16,5.4,3.2,1.3,9.8,0.0,1.5
2023-09-17,9.0,6.3,1.3,0.5,0.0,3.5
2023-09-18,9.4,7.8,5.4,2.1,0.0,11.2
2023-09-19,9.4,3.1,0.9,27.0,0.0,4.8
2023-09-20,9.9,7.0,1.1,6.1,0.0,5.7
2023-09-21,10.0,6.3,4.6,36.3,0.0,5.2
2023-09-22,7.1,5.0,4.1,4.1,0.0,3.8
2023-09-23,5.2,2.7,1.5,1.2,0.0,4.2
2023-09-24,6.5,3.6,-0.2,14.3,0.0,6.2
2023-09-25,9.2,7.5,6.3,3.6,0.0,6.8
2023-09-26,8.3,6.9,5.4,4.9,0.0,7.2
2023-09-27,8.2,6.6,4.4,3.4,0.0,6.3
2023-09-28,9.7,7.9,5.5,5.4,0.0,8.6
2023-09-29,7.5,5.1,4.4,5.5,0.0,5.2
2023-09-30,4.7,3.7,2.7,37.2,0.0,5.3
2023-10-01,7.2,4.4,0.3,9.3,0.0,3.8
2023-10-02,7.1,4.2,3.3,10.0,0.0,3.5
2023-10-03,4.0,2.8,2.3,0.4,0.0,3.6
2023-10-04,3.4,1.7,0.9,23.5,0.0,3.8
2023-10-05,3.5,1.8,0.6,0.7,0.0,2.3
2023-10-06,6.9,4.2,1.9,3.7,0.0,6.5
2023-10-07,3.1,-2.4,-3.7,44.2,0.0,2.3
2023-10-08,-1.0,-3.0,-4.6,0.0,0.0,1.4
2023-10-09,1.3,-1.1,-4.3,0.0,0.0,1.9
2023-10-10,7.9,4.7,-0.6,0.0,0.0,5.9
2023-10-11,7.8,-0.1,-1.3,66.3,0.0,7.8
2023-10-12,-0.2,-1.6,-2.2,47.7,45.0,6.2
2023-10-13,3.6,0.8,-2.1,5.1,67.0,6.9
2023-10-14,0.0,-1.4,-2.0,27.7,78.0,6.3
2023-10-15,-1.4,-3.3,-4.1,7.6,99.0,4.3
2023-10-16,-0.2,-2.7,-5.6,1.8,107.0,4.5
2023-10-17,2.0,0.6,-0.3,7.2,113.0,5.4
2023-10-18,4.2,0.2,-3.0,2.2,103.0,5.7
2023-10-19,0.4,-5.2,-7.1,0.0,100.0,17.8
2023-10-25,1.8,-1.1,-4.5,0.0,87.0,13.5
2023-10-26,1.5,-3.7,-6.3,0.0,87.0,2.7
2023-10-27,-2.6,-4.2,-7.0,0.0,86.0,2.6
2023-10-28,-2.8,-3.3,-5.1,0.0,86.0,3.2
2023-10-29,0.9,-1.4,-5.3,0.0,85.0,11.0
2023-10-30,-2.2,-4.6,-6.2,0.0,83.0,12.6
2023-10-31,-4.5,-6.3,-7.4,0.0,82.0,7.5
2023-11-01,-3.2,-5.4,-8.4,0.0,83.0,9.1
2023-11-02,0.3,-2.4,-5.0,9.0,68.0,13.8
2023-11-06,0.8,-1.0,-2.7,0.0,83.0,1.4
2023-11-07,0.4,-1.4,-2.5,0.0,83.0,1.0
2023-11-08,1.1,-1.8,-4.6,0.0,83.0,5.7
2023-11-09,0.3,-1.1,-3.2,8.1,68.0,5.0
2023-11-10,1.2,-1.9,-4.7,0.0,82.0,4.4
2023-11-11,-1.9,-3.6,-6.1,0.0,82.0,3.7
2023-11-12,-1.2,-2.7,-5.0,0.0,82.0,8.2
2023-11-13,-1.5,-2.9,-4.2,0.0,82.0,8.8
2023-11-14,-3.1,-4.8,-6.6,0.0,81.0,7.9
2023-11-15,-4.0,-5.4,-7.4,0.0,82.0,1.2
2023-11-16,-4.0,-5.8,-8.1,3.7,95.0,2.7
2023-11-19,-1.3,-3.7,-5.7,0.0,81.0,13.1
2023-11-20,-0.9,-3.2,-4.5,0.0,81.0,1.6
2023-11-21,-3.7,-5.2,-8.4,0.0,81.0,4.0
2023-11-22,1.6,-1.8,-4.5,3.1,82.0,9.1
2023-11-23,-1.2,-5.0,-7.6,40.5,111.0,8.4
2023-11-24,-6.0,-6.8,-8.9,26.9,138.0,5.1
2023-11-25,-5.1,-6.1,-7.8,2.7,129.0,2.7
2023-11-26,-3.7,-5.1,-6.9,0.0,128.0,5.0
2023-11-27,-3.7,-8.5,-11.3,4.5,104.0,5.9
2023-12-07,-5.1,-6.7,-9.7,0.0,110.0,6.7
2023-12-08,-5.1,-6.9,-8.9,0.0,94.0,11.6
2023-12-09,-4.6,-5.7,-8.1,0.0,90.0,13.0
2023-12-10,-1.2,-4.1,-5.5,4.2,89.0,12.5
2023-12-11,-5.0,-6.4,-7.9,0.0,88.0,9.4
2023-12-12,-4.6,-5.9,-6.4,0.0,89.0,2.2
2023-12-13,-5.5,-7.0,-8.8,0.0,89.0,1.7
2023-12-14,-3.4,-5.7,-9.9,0.5,91.0,4.5
2023-12-15,-0.3,-1.1,-3.4,8.8,115.0,6.9
2023-12-16,3.2,1.0,-1.3,22.1,128.0,6.7
2023-12-17,2.4,1.1,-2.7,11.0,123.0,5.3
2023-12-19,2.2,-3.9,-4.6,9.7,125.0,6.7
2023-12-20,-3.6,-5.8,-7.0,19.4,173.0,4.6
2023-12-21,-2.1,-5.1,-6.9,14.2,163.0,7.0
2023-12-22,-6.3,-10.1,-12.7,11.7,163.0,3.6
2023-12-24,-1.4,-3.4,-9.5,1.7,157.0,8.1
2023-12-25,-1.4,-5.1,-6.7,20.4,192.0,5.5
2023-12-26,-5.2,-5.9,-6.3,9.6,199.0,4.0
2024-01-05,-10.8,-12.9,-15.1,0.0,116.0,0.7
2024-01-06,-9.7,-11.8,-14.0,0.0,116.0,0.8
2024-01-07,-8.6,-10.4,-13.4,0.0,116.0,1.0
2024-01-08,-3.7,-6.3,-9.8,0.0,116.0,1.0
2024-01-09,4.5,1.4,-7.4,0.0,116.0,3.3
2024-01-10,6.5,1.1,-1.3,0.0,116.0,1.6
2024-01-11,4.9,-2.2,-5.3,0.0,116.0,2.9
2024-01-14,-4.8,-7.8,-10.5,3.7,138.0,3.8
2024-01-15,-9.7,-12.2,-14.5,2.0,141.0,1.6
2024-01-16,-9.6,-10.9,-15.6,0.0,140.0,5.7
2024-01-17,-9.8,-13.3,-15.6,24.7,148.0,1.9
2024-01-18,-10.3,-11.1,-13.9,0.2,146.0,3.1
2024-01-19,-8.2,-9.0,-11.9,7.8,182.0,4.6
2024-01-20,-2.5,-6.0,-13.2,9.4,189.0,5.9
2024-01-21,-0.7,-2.2,-3.7,15.8,165.0,11.1
2024-01-26,1.8,-2.2,-4.4,12.6,166.0,9.1
2024-01-28,1.6,-0.1,-2.2,20.7,191.0,7.7
2024-01-29,5.2,-3.9,-7.0,27.0,195.0,3.9
2024-01-30,-1.6,-4.6,-7.5,0.3,203.0,2.0
2024-01-31,-1.5,-3.8,-8.5,0.0,208.0,9.9
2024-08-01,9.7,6.9,4.0,0.0,0.0,1.8
2024-08-02,13.1,9.9,6.0,0.0,0.0,2.6
2024-08-03,11.7,9.8,6.5,0.0,0.0,4.6
2024-08-05,12.4,10.7,5.9,0.0,0.0,7.8
2024-08-06,13.7,11.2,8.2,0.0,0.0,8.5
2024-08-07,12.3,9.1,6.5,4.2,0.0,8.0
2024-08-08,8.3,6.2,5.7,4.6,0.0,4.7
2024-08-09,9.5,6.9,4.8,8.9,0.0,7.9
2024-08-10,6.0,4.9,3.1,57.3,0.0,5.5
2024-08-11,5.7,4.3,3.2,84.2,0.0,3.9
2024-08-13,16.5,14.0,11.2,0.0,0.0,11.2
2024-08-14,13.8,10.2,8.8,0.1,0.0,7.8
2024-08-16,8.6,4.7,3.6,25.8,0.0,4.3
2024-08-17,6.0,5.0,4.0,8.2,0.0,4.5
2024-08-18,5.9,4.7,3.6,8.1,0.0,4.6
2024-08-19,7.4,4.9,2.7,58.1,0.0,5.6
2024-08-20,9.5,7.9,5.3,5.1,0.0,7.9
2024-08-21,8.8,5.4,3.9,13.7,0.0,3.6
2024-08-22,9.2,6.6,4.4,1.6,0.0,5.9
2024-08-23,7.8,4.8,3.9,13.1,0.0,4.7
2024-08-24,6.8,5.0,2.8,17.7,0.0,6.0
2024-08-25,5.8,3.6,2.2,14.0,0.0,5.5
2024-08-26,6.3,4.1,2.7,53.8,0.0,5.7
2024-08-28,12.4,9.4,6.8,24.1,0.0,9.0
2024-08-29,12.7,8.8,5.7,2.1,0.0,8.1
2024-08-30,5.9,4.1,3.4,24.3,0.0,3.6
2024-08-31,8.6,5.8,1.9,15.1,0.0,1.2
2024-09-01,12.4,8.9,6.0,0.0,0.0,1.8
2024-09-02,11.4,9.7,6.7,0.0,0.0,4.8
2024-09-03,11.1,10.0,8.1,7.0,0.0,9.7
2024-09-04,13.1,11.6,7.9,6.7,0.0,5.9
2024-09-05,18.3,16.1,10.8,3.5,0.0,7.4
2024-09-06,17.4,14.1,11.9,0.0,0.0,4.8
2024-09-07,14.9,12.3,8.5,0.0,0.0,4.3
2024-09-08,14.6,13.0,9.3,0.0,0.0,10.0
2024-09-09,13.1,7.7,4.7,26.8,0.0,4.9
2024-09-10,5.9,2.7,0.7,11.7,0.0,7.3
2024-09-11,3.3,1.3,0.0,20.6,0.0,7.5
2024-09-13,1.8,-0.2,-2.7,15.8,11.0,2.6
2024-09-15,7.5,6.5,4.0,1.4,0.0,4.9
2024-09-16,6.8,4.7,3.5,23.4,0.0,2.4
2024-09-17,10.4,3.3,2.8,1.2,0.0,2.5
2024-09-18,13.6,9.7,6.9,0.0,0.0,1.6
2024-09-19,13.4,9.9,7.4,0.0,0.0,1.3
2024-09-21,13.6,9.4,7.0,0.0,0.0,1.9
2024-09-22,9.9,6.5,5.1,0.0,0.0,2.8
2024-09-29,1.4,-0.9,-3.7,3.7,4.0,3.5
2024-09-30,4.9,3.2,1.4,1.1,0.0,7.2
2024-10-01,5.2,3.0,1.9,0.0,0.0,4.8
2024-10-02,5.7,2.5,0.0,0.0,0.0,1.3
2024-10-03,2.7,0.9,-0.6,0.0,0.0,1.3
2024-10-04,6.4,2.0,-0.8,0.0,0.0,1.6
2024-10-05,3.9,2.8,0.6,0.0,0.0,5.4
2024-10-06,3.5,2.9,2.4,4.1,0.0,3.1
2024-10-07,4.0,3.1,2.3,0.4,0.0,7.6
2024-10-08,6.4,4.9,2.6,5.7,0.0,7.9
2024-10-09,6.1,4.8,3.8,13.6,0.0,6.6
2024-10-10,4.9,-0.9,-3.1,3.6,0.0,2.9
2024-10-12,1.1,-0.8,-6.3,8.2,20.0,7.5
2024-10-13,2.1,0.7,-0.4,0.4,4.0,5.6
2024-10-14,-0.2,-3.4,-5.4,7.6,5.0,2.2
2024-10-15,1.3,1.0,-5.5,0.4,4.0,4.7
2024-10-16,11.0,7.4,-0.7,0.6,0.0,13.8
2024-10-17,11.5,8.4,6.4,0.0,0.0,10.9
2024-10-18,8.6,6.5,5.2,6.4,0.0,7.0
2024-10-19,8.9,7.1,4.9,0.1,0.0,8.9
2024-10-20,8.0,5.2,4.3,12.0,0.0,8.9
2024-10-21,4.7,2.7,0.6,30.3,0.0,7.2
2024-10-22,2.5,0.9,-1.2,40.0,0.0,6.8
2024-10-23,4.0,1.9,-1.0,34.9,11.0,5.8
2024-10-24,5.0,3.7,2.6,10.5,4.0,5.2
2024-10-25,5.3,3.4,2.3,0.0,0.0,3.9
2024-10-26,8.6,4.7,2.3,0.0,0.0,6.0
2024-10-27,6.2,0.0,-1.5,28.1,4.0,6.3
2024-10-28,0.9,0.3,-0.7,28.5,23.0,4.1
2024-10-29,3.3,1.4,-0.6,0.1,19.0,5.9
2024-10-30,3.0,-0.1,-0.7,5.3,17.0,6.1
2024-10-31,4.9,3.6,-0.4,21.8,40.0,7.9
2024-11-01,5.0,-3.5,-6.8,153.9,21.0,6.5
2024-11-02,-1.4,-4.0,-6.9,4.4,26.0,3.9
2024-11-03,4.2,3.3,-1.8,16.6,21.0,4.3
2024-11-04,4.9,2.5,1.4,1.7,17.0,1.3
2024-11-05,7.7,4.2,0.5,0.0,16.0,3.2
2024-11-06,7.3,2.1,-1.2,0.0,16.0,3.3
2024-11-07,8.9,6.2,1.8,0.0,16.0,3.0
2024-11-08,9.5,3.4,-0.7,0.0,13.0,1.8
2024-11-09,8.0,5.1,-0.6,0.0,13.0,2.0
2024-11-10,6.6,-1.3,-3.4,0.1,13.0,2.4
2024-11-11,0.6,-0.2,-0.7,1.3,16.0,2.2
2024-11-12,1.5,0.6,-1.5,2.8,16.0,1.1
2024-11-13,3.6,1.4,-0.2,0.8,13.0,3.9
2024-11-14,0.2,-1.1,-3.4,2.4,14.0,3.4
2024-11-15,4.4,3.1,-0.6,0.2,12.0,6.1
2024-11-16,4.1,-4.0,-6.1,58.8,10.0,8.5
2024-11-17,-3.0,-3.8,-5.6,23.4,45.0,3.6
2024-11-18,-3.7,-8.8,-10.8,4.6,62.0,1.8
2024-11-19,-5.8,-8.0,-11.1,0.0,58.0,3.5
2024-11-20,-6.3,-9.1,-11.2,0.0,51.0,1.2
2024-11-21,-7.3,-8.6,-10.8,0.0,50.0,2.1
2024-11-22,-8.4,-10.9,-13.9,0.0,49.0,2.9
2024-11-23,-5.1,-7.2,-10.6,2.5,54.0,4.8
2024-11-24,3.8,-0.3,-6.4,2.5,7.0,12.8
2024-11-25,2.8,0.3,-0.9,29.0,11.0,8.0
2024-11-26,0.8,-0.4,-0.8,11.2,20.0,4.0
2024-11-27,-0.4,-2.0,-3.9,5.2,22.0,1.2
2024-11-28,-1.9,-3.7,-6.2,0.0,22.0,2.5
2024-11-29,1.8,-0.8,-5.3,0.0,22.0,6.9
2024-11-30,4.1,2.3,-0.6,18.3,26.0,5.9
2024-12-01,5.7,3.6,2.3,27.1,19.0,8.0
2024-12-02,2.6,-0.8,-3.1,40.7,11.0,3.1
2024-12-03,-3.1,-6.7,-8.0,8.0,17.0,4.0
2024-12-04,-4.2,-5.9,-8.9,0.0,17.0,9.1
2024-12-05,-1.9,-2.9,-6.2,0.5,12.0,17.2
2024-12-06,-0.3,-1.5,-2.5,7.2,15.0,6.5
2024-12-07,-1.4,-3.3,-4.1,1.3,15.0,11.0
2024-12-08,0.1,-2.3,-5.0,4.0,14.0,4.6
2024-12-09,1.0,-2.0,-4.8,0.0,14.0,0.9
2024-12-10,3.1,0.9,-1.8,0.0,14.0,1.2
2024-12-11,2.9,0.9,-1.6,0.2,14.0,2.4
2024-12-12,0.9,-0.7,-2.8,0.1,14.0,3.1
2024-12-13,0.6,-1.1,-2.5,5.3,33.0,5.4
2024-12-14,-1.4,-4.8,-6.2,36.6,122.0,5.4
2024-12-15,2.8,-1.0,-5.8,2.6,128.0,9.1
2024-12-16,3.1,-3.2,-4.2,56.6,115.0,9.7
2024-12-17,-2.0,-2.7,-4.3,10.0,112.0,4.9
2024-12-18,3.5,1.1,-2.0,3.2,106.0,10.0
2024-12-19,1.7,-4.1,-5.2,46.1,107.0,8.0
2024-12-20,-3.1,-5.6,-7.8,7.3,101.0,6.2
2024-12-21,-1.2,-2.0,-3.2,5.8,134.0,7.6
2024-12-22,-1.6,-2.8,-3.4,4.4,144.0,5.7
2024-12-23,-2.9,-6.4,-9.3,1.3,147.0,2.8
2024-12-24,2.9,-0.3,-9.2,1.5,148.0,6.8
2024-12-25,4.8,3.6,2.7,4.7,128.0,6.0
2024-12-26,3.1,0.4,-1.1,2.0,112.0,5.2
2024-12-27,1.1,-0.3,-2.7,11.1,134.0,4.5
2024-12-28,1.2,0.1,-0.4,1.5,129.0,5.1
2024-12-29,0.1,-2.9,-4.1,8.0,172.0,8.1
2024-12-30,-4.2,-8.7,-9.8,17.0,182.0,3.6
2025-01-01,-1.1,-8.8,-12.0,19.8,166.0,4.8
2025-01-02,-9.2,-11.4,-14.0,0.2,149.0,4.3
2025-01-03,-10.6,-12.5,-16.8,7.6,160.0,3.7
2025-01-04,-9.2,-10.4,-15.2,0.5,175.0,2.9
2025-01-05,-4.8,-6.4,-14.8,1.0,175.0,6.2
2025-01-06,-5.1,-8.2,-9.8,1.1,145.0,11.4
2025-01-07,-5.8,-7.5,-9.7,32.0,205.0,9.5
2025-01-08,-6.8,-10.0,-11.5,0.5,205.0,2.7
2025-01-09,-6.2,-8.4,-12.2,0.0,205.0,3.0
2025-02-02,-0.9,-3.5,-6.9,0.0,122.0,4.5
2025-02-03,0.6,-1.0,-4.0,0.6,124.0,6.1
2025-02-04,2.4,0.6,-0.2,1.5,122.0,8.5
2025-02-05,2.1,-3.4,-4.6,15.1,157.0,5.7
2025-02-06,-0.9,-3.3,-5.1,10.6,178.0,3.9
2025-02-07,4.9,0.0,-4.5,0.0,176.0,3.3
2025-02-08,0.0,-7.3,-8.2,0.6,150.0,5.0
2025-02-09,-2.7,-5.2,-10.7,0.0,145.0,3.1
2025-02-10,-0.3,-2.3,-5.4,0.0,145.0,8.2
2025-02-11,-0.7,-2.1,-4.0,0.2,123.0,10.4
2025-02-12,1.5,-1.7,-5.7,0.0,123.0,4.1
2025-02-13,-0.2,-6.3,-10.2,0.0,123.0,2.0
2025-02-14,-5.8,-6.4,-11.0,0.2,124.0,3.0
2025-02-15,-5.3,-10.1,-12.7,4.9,135.0,7.9
2025-02-16,-6.7,-11.3,-15.5,0.2,123.0,1.4
2025-02-17,-4.4,-9.4,-12.8,0.0,123.0,1.5
2025-02-18,-2.6,-8.4,-11.3,0.0,123.0,1.7
2025-02-19,-3.2,-5.5,-10.5,0.0,123.0,7.5
2025-02-20,2.2,-0.1,-4.4,0.0,123.0,13.7
2025-02-21,5.2,2.2,-1.2,7.2,124.0,10.3
2025-02-22,4.7,2.1,0.5,10.9,117.0,6.9
2025-02-23,1.3,-0.2,-0.8,18.4,119.0,9.7
2025-02-24,1.4,0.3,-0.4,2.6,118.0,8.6
2025-02-25,0.3,-2.1,-3.3,5.9,123.0,6.2
2025-02-26,-1.9,-2.9,-3.4,9.6,137.0,5.1
2025-02-27,-3.1,-4.5,-5.1,2.7,139.0,3.6
2025-02-28,-2.8,-3.9,-8.4,1.5,140.0,3.9
2025-03-01,-1.7,-3.1,-4.5,1.0,142.0,6.5
2025-03-02,-0.8,-1.6,-3.2,9.3,153.0,8.4
2025-03-03,-1.2,-1.8,-3.1,18.1,174.0,9.1
2025-03-04,0.3,-0.6,-2.0,53.5,188.0,9.8
2025-03-05,3.0,1.2,-0.9,47.5,212.0,7.8
2025-03-06,3.0,1.2,-0.4,78.5,186.0,7.5
2025-03-07,3.4,0.7,-1.5,4.6,184.0,6.2
2025-03-09,3.3,2.2,1.4,11.1,183.0,4.7
2025-03-10,2.1,-1.2,-3.5,0.0,183.0,5.0
2025-03-11,-1.8,-4.7,-5.7,4.1,185.0,2.2
2025-03-12,-4.6,-7.1,-8.8,0.0,184.0,3.4
2025-03-14,-0.8,-7.3,-11.3,0.0,184.0,1.4
2025-03-15,-1.6,-4.9,-8.6,0.0,184.0,5.0
2025-03-16,-1.5,-6.3,-7.4,2.4,189.0,3.3
2025-03-17,-2.0,-5.6,-9.8,0.0,189.0,3.1
2025-03-18,-1.8,-3.6,-4.4,1.2,191.0,2.5
2025-03-19,1.2,-4.6,-6.5,0.7,193.0,3.4
2025-03-20,0.7,-3.6,-8.3,0.0,191.0,2.1
2025-03-21,4.3,0.6,-4.8,0.0,191.0,8.7
2025-03-27,0.9,0.3,-2.3,4.4,196.0,6.2
2025-03-28,2.4,-0.3,-1.4,38.0,198.0,6.9
2025-03-29,-1.4,-3.1,-4.4,21.9,221.0,7.6
2025-03-30,0.5,-2.5,-4.8,8.7,212.0,5.2
2025-03-31,1.7,-1.6,-6.4,0.0,211.0,3.5
2025-04-01,11.1,4.5,0.1,0.0,209.0,1.6
2025-04-02,9.0,5.2,2.3,0.0,206.0,3.7
2025-04-03,6.3,2.8,0.9,0.0,203.0,3.5
2025-04-04,6.0,0.8,-2.0,0.0,202.0,1.6
2025-04-05,4.6,-0.4,-3.0,0.0,201.0,2.6
2025-04-06,3.3,-1.3,-4.7,0.0,201.0,2.1
2025-04-07,10.9,2.7,-2.5,0.0,201.0,0.9
2025-04-08,8.1,0.9,-1.8,0.0,200.0,1.1
2025-04-09,5.7,2.2,-2.7,0.0,198.0,1.8
2025-04-10,1.9,-1.0,-2.9,0.0,198.0,4.4
2025-04-11,2.4,1.3,-1.4,4.0,199.0,4.3
2025-04-12,3.8,1.7,-1.1,6.6,195.0,5.2
2025-04-13,5.5,3.1,1.7,0.0,193.0,9.4
2025-04-14,1.7,-1.3,-3.5,26.2,201.0,5.6
2025-04-15,3.1,1.4,-1.4,0.2,193.0,10.3
2025-04-16,6.8,5.3,2.4,2.6,185.0,11.8
2025-04-17,6.7,2.1,0.6,8.4,172.0,6.6
2025-04-18,6.5,0.5,-2.0,1.0,172.0,1.7
2025-04-19,5.8,3.5,-0.9,0.1,170.0,5.5
2025-04-20,4.7,2.0,0.5,0.0,167.0,5.2
2025-04-21,3.4,1.5,0.9,0.0,165.0,2.6
2025-04-22,5.1,1.8,0.6,0.0,164.0,1.0
2025-04-23,8.0,3.2,0.6,0.2,163.0,1.8
2025-04-24,4.1,0.9,-2.5,0.0,160.0,3.6
2025-04-25,2.2,-0.4,-3.0,0.0,160.0,3.3
2025-04-26,5.8,1.7,-3.9,0.0,160.0,3.0
2025-04-27,4.1,1.4,-1.6,0.0,157.0,5.4
2025-04-28,4.1,2.6,1.0,37.3,153.0,5.0
2025-04-29,3.0,1.2,-0.6,22.8,150.0,3.7
2025-04-30,6.0,2.5,-0.5,18.0,148.0,3.1
2025-05-01,6.3,3.4,2.9,0.0,144.0,5.6
2025-05-02,3.2,-0.8,-1.7,46.2,156.0,6.3
2025-05-03,3.1,-0.3,-1.4,13.1,175.0,2.3
2025-05-04,2.2,-1.8,-4.2,1.8,169.0,3.6
2025-05-05,1.3,-1.9,-5.3,0.0,168.0,3.6
2025-05-06,6.7,0.4,-5.4,0.0,168.0,0.9
2025-05-07,8.5,3.1,-1.3,0.0,165.0,1.5
2025-05-08,9.5,5.7,1.7,0.0,162.0,1.3
2025-05-09,6.0,4.1,2.9,0.0,155.0,2.8
2025-05-10,8.9,5.6,0.5,0.0,150.0,2.5
2025-05-11,8.0,6.3,3.6,0.0,147.0,4.3
2025-05-12,8.6,5.4,2.2,0.0,142.0,3.0
2025-05-13,6.4,4.0,3.0,0.0,137.0,2.3
2025-05-14,7.7,4.6,0.6,0.0,133.0,3.3
2025-05-15,10.0,6.2,1.6,0.0,129.0,2.3
2025-05-16,12.0,9.2,5.6,0.0,124.0,3.2
2025-05-17,12.3,8.6,5.4,0.0,118.0,3.0
2025-05-18,10.7,7.0,3.3,0.0,113.0,4.3
2025-05-19,13.4,9.6,5.2,0.0,109.0,1.9
2025-05-20,13.3,10.1,8.6,0.0,105.0,2.6
2025-05-21,10.1,1.4,-1.9,0.0,98.0,4.4
2025-05-22,2.5,-0.5,-3.2,0.6,98.0,3.3
2025-05-23,5.6,1.8,-3.5,0.7,98.0,2.7
2025-05-26,5.4,0.4,-1.3,27.5,80.0,5.1
2025-05-27,3.3,1.1,-0.4,19.5,94.0,7.1
2025-05-28,2.1,0.7,-0.2,37.5,105.0,5.4
2025-05-29,4.4,2.2,-0.1,21.1,107.0,7.0
2025-05-30,5.0,2.2,1.0,9.8,96.0,4.5
2025-05-31,7.2,3.4,-0.8,6.1,93.0,3.8
2025-06-01,6.4,3.7,1.0,10.5,83.0,6.9
2025-06-02,2.1,0.9,0.3,29.7,84.0,5.0
2025-06-03,5.1,2.9,-0.3,13.5,83.0,10.0
2025-06-04,3.5,1.9,0.4,18.4,79.0,6.8
2025-06-05,3.0,1.6,-0.1,3.1,78.0,5.8
2025-06-06,6.0,2.5,0.4,10.5,75.0,2.6
2025-06-07,4.3,1.9,-0.4,3.1,73.0,2.2
2025-06-08,4.4,1.1,-0.1,0.8,69.0,3.0
2025-06-09,3.3,0.9,-1.2,4.2,70.0,3.1
2025-06-10,5.7,2.2,0.7,2.4,67.0,2.0
2025-06-11,5.2,2.3,0.1,1.7,63.0,2.5
2025-06-12,11.7,7.7,0.9,0.0,58.0,4.0
2025-06-13,14.1,11.4,7.7,0.0,46.0,8.9
2025-06-14,15.2,13.3,9.5,0.0,28.0,7.4
2025-06-15,15.4,9.4,7.7,0.0,7.0,6.9
2025-06-16,8.0,4.6,3.2,8.5,0.0,4.2
2025-06-17,7.0,5.4,4.4,13.7,0.0,4.2
2025-06-18,4.4,2.0,1.1,30.0,0.0,4.6
2025-06-19,3.4,2.3,1.0,18.0,0.0,3.3
2025-06-20,8.1,4.7,1.4,0.3,0.0,3.6
2025-06-21,10.7,6.8,2.7,2.0,0.0,3.2
2025-06-22,14.8,10.4,7.0,0.1,0.0,9.5
2025-06-23,10.4,4.2,2.8,20.6,0.0,3.3
2025-06-24,5.1,3.9,2.9,10.2,0.0,2.7
2025-06-25,10.3,5.7,3.1,6.5,0.0,1.7
2025-06-26,9.4,6.9,3.4,0.0,0.0,4.4
2025-06-27,9.3,4.9,2.6,19.1,0.0,3.9
2025-06-28,9.3,6.5,5.3,14.4,0.0,6.2
2025-06-29,5.5,3.7,1.8,61.7,0.0,6.6
2025-06-30,9.7,6.9,3.0,28.4,0.0,5.0
2025-07-01,10.3,7.5,4.2,4.2,0.0,5.6
2025-07-02,10.2,7.2,4.3,7.7,0.0,2.0
2025-07-03,8.7,3.2,2.0,0.0,0.0,3.1
2025-07-04,6.0,4.2,2.0,8.2,0.0,4.4
2025-07-05,8.0,6.7,3.7,21.5,0.0,5.2
2025-07-06,9.2,6.7,4.3,19.8,0.0,1.7
2025-07-07,11.3,8.8,6.0,4.9,0.0,3.7
2025-07-08,11.1,8.7,7.8,0.4,0.0,3.3
2025-07-09,10.5,6.8,5.1,0.0,0.0,3.0
2025-07-10,12.2,8.0,4.8,0.0,0.0,2.0
2025-07-11,14.8,12.0,7.0,1.0,0.0,1.6
2025-07-12,20.9,18.1,11.5,0.0,0.0,4.7
2025-07-13,19.9,16.1,14.8,0.0,0.0,5.6
2025-07-14,15.8,12.4,11.0,0.0,0.0,3.4
2025-07-15,15.9,12.8,7.9,4.2,0.0,3.0
2025-07-16,18.3,14.6,10.3,1.8,0.0,3.3
2025-07-17,19.4,15.9,12.4,0.5,0.0,3.4
2025-07-18,16.8,15.0,10.6,0.0,0.0,4.9
2025-07-19,17.1,14.4,10.9,0.9,0.0,3.8
2025-07-20,18.7,16.2,11.0,0.0,0.0,5.0
2025-07-21,17.5,14.0,12.7,0.0,0.0,6.9
2025-07-22,17.7,14.2,11.0,1.0,0.0,4.7
2025-07-23,18.1,14.8,11.7,0.0,0.0,3.3
2025-07-24,16.8,12.8,9.8,0.8,0.0,3.8
2025-07-25,13.2,9.4,7.5,1.1,0.0,3.1
2025-07-26,9.1,7.2,5.9,0.4,0.0,2.7
2025-07-27,10.5,7.5,5.6,1.4,0.0,2.3
2025-07-28,8.1,6.4,5.0,0.2,0.0,2.0
2025-07-29,13.1,9.2,6.1,5.9,0.0,2.2
2025-07-30,13.4,11.1,9.1,0.0,0.0,3.1
2025-07-31,13.3,9.3,7.1,0.7,0.0,1.8
2025-08-01,10.3,9.5,7.6,0.0,0.0,1.3
2025-08-02,17.3,13.4,9.2,2.2,0.0,1.9
2025-08-03,14.7,9.2,7.5,11.7,0.0,4.1
2025-08-04,9.6,6.9,4.9,20.1,0.0,6.8
2025-08-06,6.1,4.5,2.9,50.2,0.0,6.1
2025-08-07,6.5,5.3,3.9,21.3,0.0,5.2
2025-08-08,7.0,5.6,4.8,15.0,0.0,4.3
2025-08-09,7.4,5.8,5.0,20.9,0.0,6.1
2025-08-10,5.6,4.8,3.9,50.2,0.0,4.8
2025-08-11,7.5,5.4,3.9,13.0,0.0,3.8
2025-08-12,9.8,6.7,2.5,19.9,0.0,3.6
2025-08-13,12.9,11.1,7.8,20.4,0.0,5.7
2025-08-14,15.9,12.8,8.9,0.0,0.0,7.1
2025-08-15,11.6,7.4,5.5,18.6,0.0,3.8
2025-08-16,6.6,4.8,2.7,1.8,0.0,2.0
2025-08-17,14.2,10.3,5.9,0.0,0.0,1.8
2025-08-18,13.9,11.1,9.1,0.0,0.0,2.5
2025-08-19,12.1,8.8,6.0,0.0,0.0,2.3
2025-08-20,10.9,6.1,5.2,0.0,0.0,3.0
2025-08-21,6.9,3.9,1.8,0.1,0.0,2.6
2025-08-22,4.4,2.1,0.6,0.2,0.0,3.1
2025-08-23,7.2,4.0,1.0,2.0,0.0,2.0
2025-08-24,8.9,5.6,2.3,0.0,0.0,1.3
2025-08-25,10.0,6.4,2.2,0.0,0.0,1.7
2025-08-26,11.6,8.2,4.2,0.0,0.0,4.3
2025-08-27,10.7,9.8,5.8,0.0,0.0,8.2
2025-08-28,11.8,9.7,7.3,0.3,0.0,6.5
2025-08-29,10.7,8.5,6.6,1.8,0.0,7.3
2025-08-30,10.1,8.8,5.8,4.7,0.0,8.3
2025-08-31,10.8,9.0,7.2,0.1,0.0,11.6
2025-09-01,11.3,9.0,6.8,3.1,0.0,8.1
2025-09-02,9.2,7.8,6.1,16.6,0.0,8.5
2025-09-03,8.9,7.6,5.3,5.2,0.0,9.2
2025-09-04,10.5,8.0,7.0,22.0,0.0,6.1
2025-09-05,9.0,7.4,6.1,6.3,0.0,5.7
2025-09-06,8.9,6.7,4.0,6.5,0.0,2.1
2025-09-07,13.2,10.1,5.2,0.0,0.0,6.5
2025-09-08,14.3,10.3,8.7,0.0,0.0,10.2
